"UF";"Município";"Cargo";"Candidato";"Nr";"Partido";"Situação";"QtVN";"%VV";
"SP";"ADAMANTINA";"Prefeito";"JOSE FRANCISCO FIGUEIREDO MICHELONI";"25";"DEM";"Eleito";"15.582";"85,18"
"SP";"ADOLFO";"Prefeito";"JOÃO DONIZETTE THEODORO";"11";"PP";"Eleito";"1.545";"55,58"
"SP";"AGUAÍ";"Prefeito";"JOSÉ MARIA BORTOLUCI LOBO";"45";"PSDB";"Eleito";"9.982";"55,26"
"SP";"ÁGUAS DA PRATA";"Prefeito";"SAMUEL DA SILVA BINATI";"20";"PSC";"Eleito";"1.589";"45,81"
"SP";"ÁGUAS DE LINDÓIA";"Prefeito";"MARTINHO ANTONIO MARIANO";"45";"PSDB";"Eleito";"5.306";"100,00"
"SP";"ÁGUAS DE SANTA BÁRBARA";"Prefeito";"CARLOS ALBERTO DE CARVALHO";"20";"PSC";"Eleito";"1.825";"86,95"
"SP";"ÁGUAS DE SÃO PEDRO";"Prefeito";"PAULO CESAR BORGES";"45";"PSDB";"Eleito";"1.146";"44,80"
"SP";"AGUDOS";"Prefeito";"EVERTON OCTAVIANI";"15";"PMDB";"Eleito";"9.538";"46,34"
"SP";"ALAMBARI";"Prefeito";"SANDRO DE JESUS DE CAMARGO";"43";"PV";"Eleito";"1.625";"55,50"
"SP";"ALFREDO MARCONDES";"Prefeito";"CELSO PIRANI PASSOS";"11";"PP";"Eleito";"1.533";"54,83"
"SP";"ALTAIR";"Prefeito";"JOSÉ BRAZ ALVARINDO DO PRADO";"12";"PDT";"Eleito";"2.198";"100,00"
"SP";"ALTINÓPOLIS";"Prefeito";"MARCO ERNANI HYSSA LUIZ";"15";"PMDB";"Eleito";"4.772";"47,11"
"SP";"ALTO ALEGRE";"Prefeito";"ILSON PERES THOMÉ";"25";"DEM";"Eleito";"1.692";"53,61"
"SP";"ALUMÍNIO";"Prefeito";"JACOB SAUDA";"15";"PMDB";"Eleito";"4.255";"38,03"
"SP";"ÁLVARES FLORENCE";"Prefeito";"ALBERTO CESAR DE CAIRES";"25";"DEM";"Eleito";"1.561";"53,33"
"SP";"ÁLVARES MACHADO";"Prefeito";"JULIANO RIBEIRO GARCIA";"25";"DEM";"Eleito";"6.433";"50,66"
"SP";"ÁLVARO DE CARVALHO";"Prefeito";"ADHEMAR KEMP MARCONDES DE MOURA";"11";"PP";"Eleito";"1.667";"64,14"
"SP";"ALVINLÂNDIA";"Prefeito";"ELIZEU JESUS ELEOTERIO";"11";"PP";"Eleito";"1.165";"54,01"
"SP";"AMERICANA";"Prefeito";"DIEGO DE NADAI";"45";"PSDB";"Eleito";"35.537";"36,44"
"SP";"AMÉRICO BRASILIENSE";"Prefeito";"VALDEMIRO BRITO GOUVEA";"13";"PT";"Eleito";"10.124";"51,80"
"SP";"AMÉRICO DE CAMPOS";"Prefeito";"CESAR SCHUMAHER DE ALONSO GIL";"22";"PR";"Eleito";"3.271";"100,00"
"SP";"AMPARO";"Prefeito";"PAULO TURATO MIOTTA";"13";"PT";"Eleito";"16.910";"45,56"
"SP";"ANALÂNDIA";"Prefeito";"LUIZ ANTONIO APARECIDO GARBUIO";"25";"DEM";"Eleito";"2.377";"55,73"
"SP";"ANDRADINA";"Prefeito";"JAMIL AKIO ONO";"13";"PT";"Eleito";"15.017";"48,05"
"SP";"ANGATUBA";"Prefeito";"CARLOS AUGUSTO RODRIGUES DE MORAIS TURELLI";"45";"PSDB";"Eleito";"6.490";"49,71"
"SP";"ANHEMBI";"Prefeito";"RUY FERREIRA DE SOUZA";"15";"PMDB";"Eleito";"2.781";"70,91"
"SP";"ANHUMAS";"Prefeito";"ADAILTON CESAR MENOSSI";"14";"PTB";"Eleito";"1.414";"56,97"
"SP";"APARECIDA";"Prefeito";"ANTONIO MARCIO DE SIQUEIRA";"45";"PSDB";"Eleito";"11.363";"49,55"
"SP";"APARECIDA D'OESTE";"Prefeito";"JOSE DE OLIVEIRA";"14";"PTB";"Eleito";"2.139";"100,00"
"SP";"APIAÍ";"Prefeito";"EMILSON COURAS DA SILVA";"25";"DEM";"Eleito";"6.820";"47,33"
"SP";"ARAÇARIGUAMA";"Prefeito";"ROQUE NORMELIO HOFFMANN";"45";"PSDB";"Eleito";"4.918";"51,07"
"SP";"ARAÇATUBA";"Prefeito";"APARECIDO SÉRIO DA SILVA";"13";"PT";"Eleito";"43.093";"43,02"
"SP";"ARAÇOIABA DA SERRA";"Prefeito";"JOÃO FRANKLIN PINTO";"14";"PTB";"Eleito";"6.238";"67,66"
"SP";"ARAMINA";"Prefeito";"MARCOS ANTONIO ROSIN";"23";"PPS";"Eleito";"2.358";"64,04"
"SP";"ARANDU";"Prefeito";"PAULO SERGIO GUERSO";"14";"PTB";"Eleito";"2.761";"66,21"
"SP";"ARAPEÍ";"Prefeito";"EDSON DE SOUZA QUINTANILHA";"23";"PPS";"Eleito";"1.111";"58,72"
"SP";"ARARAQUARA";"Prefeito";"MARCELO FORTES BARBIERI";"15";"PMDB";"Eleito";"50.813";"44,66"
"SP";"ARARAS";"Prefeito";"PEDRO ELISEU FILHO";"25";"DEM";"Eleito";"38.770";"57,75"
"SP";"ARCO-ÍRIS";"Prefeito";"JOSÉ LUIZ DA SILVA";"14";"PTB";"Eleito";"1.030";"60,66"
"SP";"AREALVA";"Prefeito";"ELSON BANUTH BARRETO";"45";"PSDB";"Eleito";"2.968";"60,65"
"SP";"AREIAS";"Prefeito";"JOSÉ ANTONIO FERNANDES";"45";"PSDB";"Eleito";"1.516";"54,55"
"SP";"AREIÓPOLIS";"Prefeito";"JOSÉ PIO DE OLIVEIRA";"13";"PT";"Eleito";"3.350";"51,25"
"SP";"ARIRANHA";"Prefeito";"JOAMIR ROBERTO BARBOZA";"14";"PTB";"Eleito";"4.178";"68,48"
"SP";"ARTUR NOGUEIRA";"Prefeito";"MARCELO CAPELINI";"13";"PT";"Eleito";"8.423";"39,39"
"SP";"ARUJÁ";"Prefeito";"ABEL JOSE LARINI";"22";"PR";"Eleito";"24.500";"59,65"
"SP";"ASPÁSIA";"Prefeito";"ELIAS ROZ CANOS";"45";"PSDB";"Eleito";"1.012";"69,32"
"SP";"ASSIS";"Prefeito";"ÉZIO SPERA";"25";"DEM";"Eleito";"40.348";"83,60"
"SP";"ATIBAIA";"Prefeito";"JOSÉ BERNARDO DENIG";"43";"PV";"Eleito";"28.856";"45,55"
"SP";"AURIFLAMA";"Prefeito";"JOSE JACINTO ALVES FILHO";"45";"PSDB";"Eleito";"5.136";"56,82"
"SP";"AVAÍ";"Prefeito";"PAULO SERGIO RODRIGUES";"45";"PSDB";"Eleito";"1.160";"34,08"
"SP";"AVANHANDAVA";"Prefeito";"SUELI NAVARRO JORGE";"45";"PSDB";"Eleito";"3.122";"70,33"
"SP";"AVARÉ";"Prefeito";"JOSELYR BENEDITO SILVESTRE";"45";"PSDB";"Eleito";"26.470";"61,96"
"SP";"BADY BASSITT";"Prefeito";"EDMUR PRADELA";"15";"PMDB";"Eleito";"3.997";"46,33"
"SP";"BALBINOS";"Prefeito";"JOSE MARCIO RIGOTTO";"15";"PMDB";"Eleito";"674";"54,05"
"SP";"BÁLSAMO";"Prefeito";"JOSÉ SOLER PANTANO";"40";"PSB";"Eleito";"4.591";"100,00"
"SP";"BANANAL";"Prefeito";"DAVID LUIZ AMARAL DE MORAIS";"40";"PSB";"Eleito";"2.548";"40,87"
"SP";"BARÃO DE ANTONINA";"Prefeito";"FRANCISCO NERES DE MEIRA";"45";"PSDB";"Eleito";"1.396";"73,20"
"SP";"BARBOSA";"Prefeito";"MÁRIO DE SOUSA LIMA";"45";"PSDB";"Eleito";"1.283";"36,04"
"SP";"BARIRI";"Prefeito";"BENEDITO SENAFONDE MAZOTTI";"45";"PSDB";"Eleito";"8.664";"51,33"
"SP";"BARRA BONITA";"Prefeito";"JOSE CARLOS DE MELLO TEIXEIRA";"23";"PPS";"Eleito";"8.062";"34,69"
"SP";"BARRA DO CHAPÉU";"Prefeito";"EDUARDO VICENTE VALETE FILLIETAZ";"15";"PMDB";"Eleito";"2.233";"63,10"
"SP";"BARRA DO TURVO";"Prefeito";"ROSÂNGELA ROSÁRIA DA SILVA";"10";"PRB";"Eleito";"2.084";"41,58"
"SP";"BARRETOS";"Prefeito";"EMANOEL MARIANO CARVALHO";"14";"PTB";"Eleito";"47.032";"73,90"
"SP";"BARRINHA";"Prefeito";"ANA CRISTINA DE SOUZA MARCARI";"23";"PPS";"Eleito";"6.659";"91,52"
"SP";"BARUERI";"Prefeito";"RUBENS FURLAN";"15";"PMDB";"Eleito";"97.923";"68,69"
"SP";"BASTOS";"Prefeito";"VIRGINIA PEREIRA DA SILVA FERNANDES";"45";"PSDB";"Eleito";"4.995";"37,90"
"SP";"BATATAIS";"Prefeito";"JOSE LUIS ROMAGNOLI";"14";"PTB";"Eleito";"25.027";"81,12"
"SP";"BAURU";"Prefeito";"CAIO MARCIO VIOTTO COUBE";"45";"PSDB";"2º turno";"71.920";"40,39"
"SP";"BAURU";"Prefeito";"RODRIGO ANTONIO DE AGOSTINHO MENDONÇA";"15";"PMDB";"2º turno";"57.431";"32,25"
"SP";"BEBEDOURO";"Prefeito";"JOAO BATISTA BIANCHINI";"43";"PV";"Eleito";"17.647";"41,24"
"SP";"BENTO DE ABREU";"Prefeito";"TEREZINHA DO CARMO SALESSE";"14";"PTB";"Eleito";"942";"51,25"
"SP";"BERNARDINO DE CAMPOS";"Prefeito";"MOACIR APARECIDO BENETI";"14";"PTB";"Eleito";"3.438";"52,34"
"SP";"BERTIOGA";"Prefeito";"JOSÉ MAURO DEDEMO ORLANDINI";"25";"DEM";"Eleito";"12.223";"44,79"
"SP";"BILAC";"Prefeito";"JOSE ROBERTO REBELATO";"45";"PSDB";"Eleito";"2.422";"49,97"
"SP";"BIRIGUI";"Prefeito";"WILSON CARLOS RODRIGUES BORINI";"15";"PMDB";"Eleito";"35.165";"59,76"
"SP";"BIRITIBA MIRIM";"Prefeito";"CARLOS ALBERTO TAINO JUNIOR";"45";"PSDB";"Eleito";"3.872";"24,18"
"SP";"BOA ESPERANÇA DO SUL";"Prefeito";"JAIME FORTINO BENASSI";"15";"PMDB";"Eleito";"4.915";"61,72"
"SP";"BOCAINA";"Prefeito";"JOÃO FRANCISCO BERTONCELLO DANIELETTO";"43";"PV";"Eleito";"3.358";"51,86"
"SP";"BOFETE";"Prefeito";"CLAUDECIO JOSE EBURNEO";"13";"PT";"Eleito";"3.461";"58,14"
"SP";"BOITUVA";"Prefeito";"ASSUNTA MARIA LABRONICI GOMES";"25";"DEM";"Eleito";"13.456";"54,37"
"SP";"BOM JESUS DOS PERDÕES";"Prefeito";"CARLOS RIGINIK JUNIOR";"45";"PSDB";"Eleito";"4.756";"45,15"
"SP";"BOM SUCESSO DE ITARARÉ";"Prefeito";"DIRCEU PACHECO DE OLIVEIRA";"45";"PSDB";"Eleito";"1.370";"56,75"
"SP";"BORÁ";"Prefeito";"LUIZ CARLOS RODRIGUES";"13";"PT";"Eleito";"478";"57,59"
"SP";"BORACÉIA";"Prefeito";"OSVALDO GIANTI";"11";"PP";"Eleito";"1.939";"71,18"
"SP";"BORBOREMA";"Prefeito";"JORGE FERES JUNIOR";"13";"PT";"Eleito";"7.027";"78,77"
"SP";"BOREBI";"Prefeito";"ANTONIO CARLOS VACA";"45";"PSDB";"Eleito";"848";"57,49"
"SP";"BOTUCATU";"Prefeito";"JOÃO CURY NETO";"45";"PSDB";"Eleito";"34.551";"53,58"
"SP";"BRAGANÇA PAULISTA";"Prefeito";"JOÃO AFONSO SOLIS";"45";"PSDB";"Eleito";"30.640";"38,24"
"SP";"BRAÚNA";"Prefeito";"HEITOR VERDU";"43";"PV";"Eleito";"2.162";"69,70"
"SP";"BREJO ALEGRE";"Prefeito";"PEDRO DE PAULA CASTILHO";"43";"PV";"Eleito";"976";"55,20"
"SP";"BRODOWSKI";"Prefeito";"ALFREDO AMADOR TONELLO";"14";"PTB";"Eleito";"6.334";"52,29"
"SP";"BROTAS";"Prefeito";"ANTONIO BENEDITO SALLA";"12";"PDT";"Eleito";"6.379";"53,11"
"SP";"BURI";"Prefeito";"CLAUDIO ROMUALDO Ú FONSECA";"12";"PDT";"Eleito";"4.297";"38,26"
"SP";"BURITAMA";"Prefeito";"IZAIR DOS SANTOS TEIXEIRA";"23";"PPS";"Eleito";"5.075";"55,79"
"SP";"BURITIZAL";"Prefeito";"AGLIBERTO GONÇALVES";"45";"PSDB";"Eleito";"1.580";"61,03"
"SP";"CABRÁLIA PAULISTA";"Prefeito";"JACINTHO ZANONI FILHO";"40";"PSB";"Eleito";"2.309";"79,59"
"SP";"CABREÚVA";"Prefeito";"CLÁUDIO ANTÔNIO GIANNINI";"15";"PMDB";"Eleito";"8.929";"42,88"
"SP";"CAÇAPAVA";"Prefeito";"CARLOS ANTONIO VILELA";"25";"DEM";"Eleito";"28.855";"85,41"
"SP";"CACHOEIRA PAULISTA";"Prefeito";"FABIANO ANTONIO CHALITA VIEIRA";"45";"PSDB";"Eleito";"9.691";"53,02"
"SP";"CACONDE";"Prefeito";"ANTONIO CARLOS DE FARIA";"45";"PSDB";"Eleito";"5.481";"52,66"
"SP";"CAFELÂNDIA";"Prefeito";"ORIVALDO GAZOTO";"13";"PT";"Eleito";"4.840";"48,31"
"SP";"CAIABU";"Prefeito";"JOÃO ANTONIO ALVES";"14";"PTB";"Eleito";"1.748";"58,88"
"SP";"CAIEIRAS";"Prefeito";"ROBERTO HAMAMOTO";"25";"DEM";"Eleito";"20.992";"47,38"
"SP";"CAIUÁ";"Prefeito";"CICERO PAULINO SOBRINHO";"45";"PSDB";"Eleito";"1.171";"37,52"
"SP";"CAJAMAR";"Prefeito";"DANIEL FERREIRA DA FONSECA";"45";"PSDB";"Eleito";"14.778";"65,84"
"SP";"CAJATI";"Prefeito";"LUIZ HENRIQUE KOGA";"45";"PSDB";"Eleito";"8.335";"49,66"
"SP";"CAJOBI";"Prefeito";"DORIVAL SANDRINI";"14";"PTB";"Eleito";"3.294";"50,31"
"SP";"CAJURU";"Prefeito";"JOAO BATISTA RUGGERI RE";"11";"PP";"Eleito";"9.842";"72,63"
"SP";"CAMPINA DO MONTE ALEGRE";"Prefeito";"JOSÉ BENEDITO FERREIRA";"45";"PSDB";"Eleito";"1.638";"45,07"
"SP";"CAMPINAS";"Prefeito";"HÉLIO DE OLIVEIRA SANTOS";"12";"PDT";"Eleito";"371.083";"67,03"
"SP";"CAMPO LIMPO PAULISTA";"Prefeito";"ARMANDO HASHIMOTO";"45";"PSDB";"Eleito";"17.099";"41,60"
"SP";"CAMPOS DO JORDÃO";"Prefeito";"ANA CRISTINA MACHADO CESAR";"23";"PPS";"Eleito";"13.871";"50,88"
"SP";"CAMPOS NOVOS PAULISTA";"Prefeito";"CARMEN APARECIDA GIOVANI RUIZ";"45";"PSDB";"Eleito";"1.650";"100,00"
"SP";"CANANÉIA";"Prefeito";"ADRIANO CESAR DIAS";"45";"PSDB";"Eleito";"2.713";"48,46"
"SP";"CANAS";"Prefeito";"RINALDO BENEDITO THIMOTEO ZANIN";"12";"PDT";"Eleito";"1.055";"59,27"
"SP";"CÂNDIDO MOTA";"Prefeito";"CARLOS ROBERTO BUENO";"31";"PHS";"Eleito";"8.984";"48,12"
"SP";"CÂNDIDO RODRIGUES";"Prefeito";"CÉLIO FERRETTI";"12";"PDT";"Eleito";"1.595";"73,77"
"SP";"CANITAR";"Prefeito";"ARCEU BATISTA";"14";"PTB";"Eleito";"997";"35,49"
"SP";"CAPÃO BONITO";"Prefeito";"JULIO FERNANDO GALVÃO DIAS";"22";"PR";"Eleito";"14.254";"54,69"
"SP";"CAPELA DO ALTO";"Prefeito";"MARCELO SOARES DA SILVA";"43";"PV";"Eleito";"5.888";"60,36"
"SP";"CAPIVARI";"Prefeito";"LUIS DONISETE CAMPACI";"15";"PMDB";"Eleito";"17.021";"67,02"
"SP";"CARAGUATATUBA";"Prefeito";"ANTONIO CARLOS DA SILVA";"45";"PSDB";"Eleito";"25.283";"50,44"
"SP";"CARAPICUÍBA";"Prefeito";"SERGIO RIBEIRO SILVA";"13";"PT";"Eleito";"104.218";"54,22"
"SP";"CARDOSO";"Prefeito";"JOÃO DA BRAHMA DE OLIVEIRA DA SILVA";"25";"DEM";"Eleito";"4.139";"51,86"
"SP";"CASA BRANCA";"Prefeito";"APARECIDO ANTONIO SATI";"33";"PMN";"Eleito";"5.786";"37,67"
"SP";"CÁSSIA DOS COQUEIROS";"Prefeito";"ANTONIO CARLOS DA SILVA";"45";"PSDB";"Eleito";"1.153";"52,05"
"SP";"CASTILHO";"Prefeito";"ANTONIO CARLOS RIBEIRO";"14";"PTB";"Eleito";"4.249";"42,55"
"SP";"CATANDUVA";"Prefeito";"AFONSO MACCHIONE NETO";"45";"PSDB";"Eleito";"32.175";"51,41"
"SP";"CATIGUÁ";"Prefeito";"VERA LUCIA DE AZEVEDO VALLEJO";"23";"PPS";"Eleito";"3.369";"73,93"
"SP";"CEDRAL";"Prefeito";"JOSÉ LUIS PEDRÃO";"15";"PMDB";"Eleito";"2.429";"51,56"
"SP";"CERQUEIRA CÉSAR";"Prefeito";"JOSE ROSSETTO";"12";"PDT";"Eleito";"5.603";"94,92"
"SP";"CERQUILHO";"Prefeito";"PAULO ROBERTO PILON";"23";"PPS";"Eleito";"9.755";"47,08"
"SP";"CESÁRIO LANGE";"Prefeito";"RAMIRO DE CAMPOS";"45";"PSDB";"Eleito";"5.529";"65,67"
"SP";"CHARQUEADA";"Prefeito";"ROMEU ANTONIO VERDI";"45";"PSDB";"Eleito";"4.900";"52,87"
"SP";"CHAVANTES";"Prefeito";"LUIZ SEVERINO DE ANDRADE";"11";"PP";"Eleito";"3.191";"43,44"
"SP";"CLEMENTINA";"Prefeito";"NELSON CASULA";"11";"PP";"Eleito";"2.215";"53,39"
"SP";"COLINA";"Prefeito";"VALDEMIR ANTONIO MORALLES";"45";"PSDB";"Eleito";"7.439";"69,92"
"SP";"COLÔMBIA";"Prefeito";"FABIO ALEXANDRE BARBOSA";"11";"PP";"Eleito";"2.743";"61,88"
"SP";"CONCHAL";"Prefeito";"ORLANDO CALEFFI JUNIOR";"45";"PSDB";"Eleito";"7.915";"54,00"
"SP";"CONCHAS";"Prefeito";"ADRIANA DEARO DEL BEM";"45";"PSDB";"Eleito";"3.775";"37,22"
"SP";"CORDEIRÓPOLIS";"Prefeito";"CARLOS CEZAR TAMIAZO";"23";"PPS";"Eleito";"9.680";"78,46"
"SP";"COROADOS";"Prefeito";"NELSON GONZALES CAETANO";"15";"PMDB";"Eleito";"1.753";"54,04"
"SP";"CORONEL MACEDO";"Prefeito";"JOSE CARLOS TONON";"12";"PDT";"Eleito";"2.182";"58,75"
"SP";"CORUMBATAÍ";"Prefeito";"IVANIR FRANCHIN";"45";"PSDB";"Eleito";"1.663";"62,75"
"SP";"COSMÓPOLIS";"Prefeito";"ANTONIO FERNANDES NETO";"13";"PT";"Eleito";"15.642";"52,22"
"SP";"COSMORAMA";"Prefeito";"ANTONIO EDIVALDO PAPINI";"12";"PDT";"Eleito";"2.627";"51,51"
"SP";"COTIA";"Prefeito";"ANTONIO CARLOS DE CAMARGO";"45";"PSDB";"Eleito";"35.562";"55,77"
"SP";"CRAVINHOS";"Prefeito";"JOSÉ FRANCISCO MATASSO FERDINANDO";"45";"PSDB";"Eleito";"7.207";"39,44"
"SP";"CRISTAIS PAULISTA";"Prefeito";"HÉLIO KONDO";"15";"PMDB";"Eleito";"2.218";"43,59"
"SP";"CRUZÁLIA";"Prefeito";"ALCEU VIDOTTI";"25";"DEM";"Eleito";"1.301";"64,34"
"SP";"CRUZEIRO";"Prefeito";"ANA KARIN DIAS DE ALMEIDA ANDRADE FRAGUGLIA QUENTAL";"22";"PR";"Eleito";"24.644";"56,62"
"SP";"CUBATÃO";"Prefeito";"MARCIA ROSA DE MENDONÇA SILVA";"13";"PT";"Eleito";"42.108";"57,63"
"SP";"CUNHA";"Prefeito";"OSMAR FELIPE JUNIOR";"45";"PSDB";"Eleito";"8.248";"54,98"
"SP";"DESCALVADO";"Prefeito";"LUIS ANTONIO PANONE";"23";"PPS";"Eleito";"7.916";"41,49"
"SP";"DIADEMA";"Prefeito";"MÁRIO WILSON PEDREIRA REALI";"13";"PT";"Eleito";"133.893";"58,26"
"SP";"DIRCE REIS";"Prefeito";"EUCLIDES SCRIBONI BENINI";"25";"DEM";"Eleito";"736";"55,97"
"SP";"DIVINOLÂNDIA";"Prefeito";"JOAO SEBASTIAO DE ALMEIDA";"14";"PTB";"Eleito";"4.171";"53,38"
"SP";"DOBRADA";"Prefeito";"EMÍDIO BERNARDO DO NASCIMENTO JUNIOR";"13";"PT";"Eleito";"2.243";"53,69"
"SP";"DOIS CÓRREGOS";"Prefeito";"LUIZ ANTONIO NAIS";"45";"PSDB";"Eleito";"8.320";"62,68"
"SP";"DOLCINÓPOLIS";"Prefeito";"ONIVALDO BATISTA";"45";"PSDB";"Eleito";"1.250";"66,60"
"SP";"DOURADO";"Prefeito";"EDMUR PEREIRA BUZZÁ";"13";"PT";"Eleito";"3.319";"58,16"
"SP";"DRACENA";"Prefeito";"CÉLIO REJANI";"43";"PV";"Eleito";"10.073";"41,72"
"SP";"DUARTINA";"Prefeito";"ADERALDO PEREIRA DE SOUZA JUNIOR";"11";"PP";"Eleito";"4.645";"62,47"
"SP";"DUMONT";"Prefeito";"ADELINO DA SILVA CARNEIRO";"11";"PP";"Eleito";"2.606";"54,91"
"SP";"ECHAPORÃ";"Prefeito";"OSVALDO BEDUSQUE";"45";"PSDB";"Eleito";"2.902";"73,67"
"SP";"ELDORADO";"Prefeito";"DONIZETE ANTONIO DE OLIVEIRA";"14";"PTB";"Eleito";"3.978";"47,69"
"SP";"ELIAS FAUSTO";"Prefeito";"CYRO DA SILVA MAIA";"13";"PT";"Eleito";"4.731";"50,18"
"SP";"ELISIÁRIO";"Prefeito";"VALDECIR FERREIRA DE SOUZA";"45";"PSDB";"Eleito";"1.117";"50,50"
"SP";"EMBAÚBA";"Prefeito";"JESUS NATALINO PERES";"25";"DEM";"Eleito";"733";"37,17"
"SP";"EMBU";"Prefeito";"FRANCISCO NASCIMENTO DE BRITO";"13";"PT";"Eleito";"72.723";"59,57"
"SP";"EMBU-GUAÇU";"Prefeito";"CLODOALDO LEITE DA SILVA";"15";"PMDB";"Eleito";"19.184";"54,61"
"SP";"EMILIANÓPOLIS";"Prefeito";"FRANCISCO BRESQUE";"14";"PTB";"Eleito";"1.159";"53,81"
"SP";"ENGENHEIRO COELHO";"Prefeito";"ROSEMEIRE MARIA GUIDOTTI SCHOLL";"45";"PSDB";"Eleito";"3.389";"42,09"
"SP";"ESPÍRITO SANTO DO PINHAL";"Prefeito";"PAULO KLINGER COSTA";"11";"PP";"Eleito";"14.877";"61,41"
"SP";"ESPÍRITO SANTO DO TURVO";"Prefeito";"JOÃO ADIRSON PACHECO";"45";"PSDB";"Eleito";"1.553";"53,85"
"SP";"ESTIVA GERBI";"Prefeito";"RAFAEL OTAVIO DEL JUDICE";"25";"DEM";"Eleito";"4.280";"66,61"
"SP";"ESTRELA DO NORTE";"Prefeito";"DEHON APARECIDO TOSO";"22";"PR";"Eleito";"1.268";"60,55"
"SP";"ESTRELA D'OESTE";"Prefeito";"ANA APARECIDA GOMES";"11";"PP";"Eleito";"2.974";"50,81"
"SP";"EUCLIDES DA CUNHA PAULISTA";"Prefeito";"EDIBERTO APARECIDO ZAUPA";"14";"PTB";"Eleito";"3.425";"55,21"
"SP";"FARTURA";"Prefeito";"PAULO AMAMURA";"15";"PMDB";"Eleito";"3.788";"39,40"
"SP";"FERNANDO PRESTES";"Prefeito";"BENTO LUCHETTI JUNIOR";"45";"PSDB";"Eleito";"3.601";"100,00"
"SP";"FERNANDÓPOLIS";"Prefeito";"LUIZ VILAR DE SIQUEIRA";"25";"DEM";"Eleito";"15.808";"42,99"
"SP";"FERNÃO";"Prefeito";"ADÉLCIO APARECIDO MARTINS";"22";"PR";"Eleito";"546";"42,36"
"SP";"FERRAZ DE VASCONCELOS";"Prefeito";"JORGE ABISSAMRA";"40";"PSB";"Eleito";"42.567";"52,36"
"SP";"FLORA RICA";"Prefeito";"PAULO ROGERIO FLORENTINO DE FARIA";"15";"PMDB";"Eleito";"746";"93,25"
"SP";"FLOREAL";"Prefeito";"GILBERTO DE GRANDE";"25";"DEM";"Eleito";"1.631";"100,00"
"SP";"FLÓRIDA PAULISTA";"Prefeito";"GERSON VERONESI FERRACINI";"15";"PMDB";"Eleito";"3.177";"48,01"
"SP";"FLORÍNEA";"Prefeito";"RODRIGO SIQUEIRA DA SILVA";"45";"PSDB";"Eleito";"1.362";"100,00"
"SP";"FRANCA";"Prefeito";"SIDNEI FRANCO DA ROCHA";"45";"PSDB";"Eleito";"110.476";"66,91"
"SP";"FRANCISCO MORATO";"Prefeito";"JOSE APARECIDO BRESSANE";"13";"PT";"Eleito";"29.388";"42,12"
"SP";"FRANCO DA ROCHA";"Prefeito";"MARCIO CECCHETTINI";"45";"PSDB";"Eleito";"42.448";"66,69"
"SP";"GABRIEL MONTEIRO";"Prefeito";"RENEE CREMA VIDOTO";"45";"PSDB";"Eleito";"1.754";"100,00"
"SP";"GÁLIA";"Prefeito";"RENATO INÁCIO GONÇALVES";"12";"PDT";"Eleito";"2.314";"57,50"
"SP";"GARÇA";"Prefeito";"CORNELIO CEZAR KEMP MARCONDES";"22";"PR";"Eleito";"11.819";"51,00"
"SP";"GASTÃO VIDIGAL";"Prefeito";"CARLOS NEY DE CASTILHO";"40";"PSB";"Eleito";"2.241";"82,75"
"SP";"GAVIÃO PEIXOTO";"Prefeito";"RONIVALDO SAMPAIO FRATUCI";"12";"PDT";"Eleito";"997";"34,96"
"SP";"GENERAL SALGADO";"Prefeito";"MAURO GILBERTO FANTINI";"14";"PTB";"Eleito";"3.801";"58,51"
"SP";"GETULINA";"Prefeito";"MANOEL ROGERIO ZABEU MIOTELLO";"45";"PSDB";"Eleito";"5.458";"100,00"
"SP";"GLICÉRIO";"Prefeito";"ENÉAS XAVIER DA CUNHA";"15";"PMDB";"Eleito";"1.763";"52,30"
"SP";"GUAIÇARA";"Prefeito";"OSVALDO AFONSO COSTA";"45";"PSDB";"Eleito";"4.312";"68,94"
"SP";"GUAIMBÊ";"Prefeito";"VALDIR ACHILLES";"45";"PSDB";"Eleito";"1.716";"50,86"
"SP";"GUAÍRA";"Prefeito";"JOSÉ CARLOS AUGUSTO";"25";"DEM";"Eleito";"8.645";"37,46"
"SP";"GUAPIAÇU";"Prefeito";"MARIA IVANETE HERNANDES VETORASSO";"45";"PSDB";"Eleito";"5.215";"46,48"
"SP";"GUAPIARA";"Prefeito";"FLAVIO DE LIMA";"45";"PSDB";"Eleito";"7.335";"97,15"
"SP";"GUARÁ";"Prefeito";"MARCO AURÉLIO MIGLIORI";"45";"PSDB";"Eleito";"8.938";"73,35"
"SP";"GUARAÇAÍ";"Prefeito";"ALCEU CANDIDO CAETANO";"45";"PSDB";"Eleito";"3.672";"64,96"
"SP";"GUARACI";"Prefeito";"RENATO AZEDA RIBEIRO DE AGUIAR";"23";"PPS";"Eleito";"3.809";"57,65"
"SP";"GUARANI D'OESTE";"Prefeito";"JAIME FIOMARO DOS SANTOS";"15";"PMDB";"Eleito";"604";"100,00"
"SP";"GUARANTÃ";"Prefeito";"IOCHINORI INOUE";"40";"PSB";"Eleito";"2.311";"54,02"
"SP";"GUARARAPES";"Prefeito";"EDENILSON DE ALMEIDA";"45";"PSDB";"Eleito";"9.164";"51,12"
"SP";"GUARAREMA";"Prefeito";"MARCIO LUIZ ALVINO DE SOUZA";"22";"PR";"Eleito";"10.582";"67,03"
"SP";"GUARATINGUETÁ";"Prefeito";"ANTONIO GILBERTO FILIPPO FERNANDES JUNIOR";"25";"DEM";"Eleito";"47.481";"74,00"
"SP";"GUAREÍ";"Prefeito";"JOSÉ PEDRO DE BARROS";"15";"PMDB";"Eleito";"3.276";"48,48"
"SP";"GUARIBA";"Prefeito";"HERMINIO DE LAURENTIZ NETO";"45";"PSDB";"Eleito";"10.632";"49,11"
"SP";"GUARUJÁ";"Prefeito";"MARIA ANTONIETA DE BRITO";"15";"PMDB";"Eleito";"84.322";"52,12"
"SP";"GUARULHOS";"Prefeito";"CARLOS ROBERTO DE CAMPOS";"45";"PSDB";"2º turno";"134.677";"23,71"
"SP";"GUARULHOS";"Prefeito";"SEBASTIAO ALVES DE ALMEIDA";"13";"PT";"2º turno";"268.211";"47,22"
"SP";"GUATAPARÁ";"Prefeito";"SAMIR REDONDO SOUTO";"45";"PSDB";"Eleito";"1.852";"47,04"
"SP";"GUZOLÂNDIA";"Prefeito";"MARCIO LUIZ CARDOSO";"13";"PT";"Eleito";"1.687";"55,04"
"SP";"HERCULÂNDIA";"Prefeito";"JOSE CARLOS RODRIGUES ADORNO";"45";"PSDB";"Eleito";"3.084";"57,77"
"SP";"HOLAMBRA";"Prefeito";"MARGARETI ROSE DE OLIVEIRA GROOT";"23";"PPS";"Eleito";"2.464";"33,14"
"SP";"HORTOLÂNDIA";"Prefeito";"ANGELO AUGUSTO PERUGINI";"13";"PT";"Eleito";"69.558";"78,75"
"SP";"IACANGA";"Prefeito";"ISMAEL EDSON BOIANI";"45";"PSDB";"Eleito";"3.008";"53,34"
"SP";"IACRI";"Prefeito";"CARLOS ALBERTO FREIRE";"45";"PSDB";"Eleito";"2.100";"47,38"
"SP";"IARAS";"Prefeito";"PAULO SERGIO DE MORAES";"45";"PSDB";"Eleito";"1.476";"50,55"
"SP";"IBATÉ";"Prefeito";"JOSÉ LUIZ PARELLA";"45";"PSDB";"Eleito";"12.747";"71,94"
"SP";"IBIRÁ";"Prefeito";"NIVALDO DOMINGOS NEGRÃO";"22";"PR";"Eleito";"3.814";"61,28"
"SP";"IBIRAREMA";"Prefeito";"ARLINDO VARALTA";"22";"PR";"Eleito";"2.140";"52,18"
"SP";"IBITINGA";"Prefeito";"MARCO ANTÔNIO DA FONSECA";"14";"PTB";"Eleito";"11.857";"39,38"
"SP";"IBIÚNA";"Prefeito";"DARCY PEREIRA LEITE";"40";"PSB";"Eleito";"15.826";"39,46"
"SP";"ICÉM";"Prefeito";"SAMIR VICENTE DE MORAIS";"25";"DEM";"Eleito";"3.043";"54,92"
"SP";"IEPÊ";"Prefeito";"FRANCISCO CÉLIO DE MELLO";"13";"PT";"Eleito";"2.546";"55,20"
"SP";"IGARAÇU DO TIETÊ";"Prefeito";"GUILHERME FERNANDES";"45";"PSDB";"Eleito";"7.717";"54,88"
"SP";"IGARAPAVA";"Prefeito";"FRANCISCO TADEU MOLINA";"45";"PSDB";"Eleito";"11.073";"65,19"
"SP";"IGARATÁ";"Prefeito";"ELZO ELIAS DE OLIVEIRA SOUZA";"22";"PR";"Eleito";"3.277";"59,59"
"SP";"IGUAPE";"Prefeito";"MARIA ELIZABETH NEGRÃO SILVA";"11";"PP";"Eleito";"7.277";"43,57"
"SP";"ILHA COMPRIDA";"Prefeito";"DÉCIO JOSÉ VENTURA";"45";"PSDB";"Eleito";"2.624";"47,56"
"SP";"ILHA SOLTEIRA";"Prefeito";"EDSON GOMES";"11";"PP";"Eleito";"6.490";"45,11"
"SP";"ILHABELA";"Prefeito";"ANTONIO LUIZ COLUCCI";"23";"PPS";"Eleito";"7.012";"45,57"
"SP";"INDAIATUBA";"Prefeito";"REINALDO NOGUEIRA LOPES CRUZ";"12";"PDT";"Eleito";"68.063";"69,80"
"SP";"INDIANA";"Prefeito";"ANTONIO POLETO";"25";"DEM";"Eleito";"1.265";"35,43"
"SP";"INDIAPORÃ";"Prefeito";"FERNANDO CÉSAR HUMER";"40";"PSB";"Eleito";"1.315";"52,47"
"SP";"INÚBIA PAULISTA";"Prefeito";"CLAUDIONIR GHELFI";"25";"DEM";"Eleito";"1.695";"76,45"
"SP";"IPAUSSU";"Prefeito";"LUIZ CARLOS SOUTO";"40";"PSB";"Eleito";"3.652";"47,48"
"SP";"IPERÓ";"Prefeito";"MARCO ANTONIO VIEIRA DE CAMPOS";"45";"PSDB";"Eleito";"5.106";"42,13"
"SP";"IPEÚNA";"Prefeito";"ILDEBRAN PRATA";"11";"PP";"Eleito";"2.167";"59,43"
"SP";"IPIGUÁ";"Prefeito";"EFRAIM GARCIA LOPES";"15";"PMDB";"Eleito";"1.550";"57,07"
"SP";"IPORANGA";"Prefeito";"ARIOVALDO DA SILVA PEREIRA";"25";"DEM";"Eleito";"1.504";"53,89"
"SP";"IPUÃ";"Prefeito";"ITAMAR ROMUALDO";"23";"PPS";"Eleito";"4.598";"51,83"
"SP";"IRACEMÁPOLIS";"Prefeito";"FABIO FRANCISCO ZUZA";"45";"PSDB";"Eleito";"7.349";"63,23"
"SP";"IRAPUÃ";"Prefeito";"OSWALDO ALFREDO PINTO";"15";"PMDB";"Eleito";"2.714";"59,23"
"SP";"IRAPURU";"Prefeito";"ANTONIO DONIZETI CICERO";"45";"PSDB";"Eleito";"1.668";"36,92"
"SP";"ITABERÁ";"Prefeito";"WALTER SÉRGIO DE SOUZA ALMEIDA";"25";"DEM";"Eleito";"6.586";"62,21"
"SP";"ITAÍ";"Prefeito";"LUIZ ANTONIO PASCHOAL";"45";"PSDB";"Eleito";"7.080";"54,56"
"SP";"ITAJOBI";"Prefeito";"CATIA ROSANA BORSIO CARDOSO";"11";"PP";"Eleito";"5.283";"51,90"
"SP";"ITAJU";"Prefeito";"FÁTIMA TEREZINHA CAMARGO GUIMARÃES";"45";"PSDB";"Eleito";"1.567";"100,00"
"SP";"ITANHAÉM";"Prefeito";"JOÃO CARLOS FORSSELL NETO";"45";"PSDB";"Eleito";"24.715";"57,89"
"SP";"ITAÓCA";"Prefeito";"ALUIZIO RIBAS DE ANDRADE";"25";"DEM";"Eleito";"1.201";"54,12"
"SP";"ITAPECERICA DA SERRA";"Prefeito";"JORGE JOSÉ DA COSTA";"15";"PMDB";"Eleito";"37.134";"49,66"
"SP";"ITAPETININGA";"Prefeito";"ROBERTO RAMALHO TAVARES";"15";"PMDB";"Eleito";"41.524";"56,20"
"SP";"ITAPEVA";"Prefeito";"LUIZ ANTONIO HUSSNE CAVANI";"45";"PSDB";"Eleito";"35.510";"74,52"
"SP";"ITAPEVI";"Prefeito";"MARIA RUTH BANHOLZER";"13";"PT";"Eleito";"71.915";"78,47"
"SP";"ITAPIRA";"Prefeito";"ANTONIO HELIO NICOLAI";"43";"PV";"Eleito";"24.402";"59,15"
"SP";"ITAPIRAPUÃ PAULISTA";"Prefeito";"LUIZ GONZAGA DIAS SOBRINHO";"13";"PT";"Eleito";"1.423";"56,42"
"SP";"ITÁPOLIS";"Prefeito";"JULIO CÉSAR NIGRO MAZZO";"44";"PRP";"Eleito";"11.595";"50,05"
"SP";"ITAPORANGA";"Prefeito";"HERNANI CAMARGO";"22";"PR";"Eleito";"5.794";"82,59"
"SP";"ITAPUÍ";"Prefeito";"JOSÉ GILBERTO SAGGIORO";"23";"PPS";"Eleito";"3.800";"57,81"
"SP";"ITAPURA";"Prefeito";"DOLVAIR MAPELI";"25";"DEM";"Eleito";"1.724";"60,20"
"SP";"ITAQUAQUECETUBA";"Prefeito";"ARMANDO TAVARES FILHO";"22";"PR";"Eleito";"77.959";"58,51"
"SP";"ITARARÉ";"Prefeito";"LUIZ CESAR PERUCIO";"25";"DEM";"Eleito";"10.235";"36,90"
"SP";"ITARIRI";"Prefeito";"DINAMERICO GONÇALVES PERONI";"45";"PSDB";"Eleito";"3.587";"55,37"
"SP";"ITATIBA";"Prefeito";"JOÃO GUALBERTO FATTORI";"45";"PSDB";"Eleito";"24.564";"48,93"
"SP";"ITATINGA";"Prefeito";"AILTON FERNANDES FARIA";"45";"PSDB";"Eleito";"5.531";"53,79"
"SP";"ITIRAPINA";"Prefeito";"OMAR DE OLIVEIRA LEITE";"13";"PT";"Eleito";"3.886";"51,20"
"SP";"ITIRAPUÃ";"Prefeito";"MARCOS HENRIQUE ALVES";"45";"PSDB";"Eleito";"2.414";"61,63"
"SP";"ITOBI";"Prefeito";"ALEXANDRE TORIBIO";"45";"PSDB";"Eleito";"1.731";"34,53"
"SP";"ITU";"Prefeito";"HERCULANO CASTILHO PASSOS JUNIOR";"43";"PV";"Eleito";"62.902";"85,20"
"SP";"ITUPEVA";"Prefeito";"OCIMAR POLLI";"15";"PMDB";"Eleito";"10.789";"53,26"
"SP";"ITUVERAVA";"Prefeito";"MARIO TAKAYOSHI MATSUBARA";"45";"PSDB";"Eleito";"18.190";"81,82"
"SP";"JABORANDI";"Prefeito";"RONAN SALES CARDOZO";"14";"PTB";"Eleito";"2.533";"65,72"
"SP";"JABOTICABAL";"Prefeito";"JOSE CARLOS HORI";"23";"PPS";"Eleito";"25.125";"66,91"
"SP";"JACAREÍ";"Prefeito";"HAMILTON RIBEIRO MOTA";"13";"PT";"Eleito";"55.319";"48,85"
"SP";"JACI";"Prefeito";"MARCIO RODRIGUES DE SOUZA";"23";"PPS";"Eleito";"2.054";"52,46"
"SP";"JACUPIRANGA";"Prefeito";"JOÃO BATISTA DE ANDRADE";"13";"PT";"Eleito";"3.665";"51,90"
"SP";"JAGUARIÚNA";"Prefeito";"MARCIO GUSTAVO BERNARDES REIS";"23";"PPS";"Eleito";"9.886";"42,59"
"SP";"JALES";"Prefeito";"HUMBERTO PARINI";"13";"PT";"Eleito";"16.045";"58,75"
"SP";"JAMBEIRO";"Prefeito";"CARLOS ALBERTO DE SOUZA";"43";"PV";"Eleito";"1.927";"58,95"
"SP";"JANDIRA";"Prefeito";"WALDERI BRAZ PASCHOALIN";"45";"PSDB";"Eleito";"24.168";"42,55"
"SP";"JARDINÓPOLIS";"Prefeito";"JOSÉ ANTÔNIO JACOMINI";"23";"PPS";"Eleito";"8.311";"66,03"
"SP";"JARINU";"Prefeito";"MARIA DE FATIMA DE MOURA LORENCINI";"14";"PTB";"Eleito";"5.361";"65,12"
"SP";"JAÚ";"Prefeito";"OSVALDO FRANCESCHI JUNIOR";"43";"PV";"Eleito";"26.820";"37,20"
"SP";"JERIQUARA";"Prefeito";"ALEXANDRE ALVES BORGES";"25";"DEM";"Eleito";"2.276";"82,76"
"SP";"JOANÓPOLIS";"Prefeito";"JOÃO CARLOS DA SILVA TORRES";"40";"PSB";"Eleito";"2.722";"40,47"
"SP";"JOÃO RAMALHO";"Prefeito";"JOSÉ ZEZÉ RODRIGUES";"25";"DEM";"Eleito";"2.073";"68,71"
"SP";"JOSÉ BONIFÁCIO";"Prefeito";"PEDRO JOSÉ BRANDÃO DOS REIS";"25";"DEM";"Eleito";"9.880";"52,96"
"SP";"JÚLIO MESQUITA";"Prefeito";"TIRSO FERNANDES SOBREIRO JUNIOR";"25";"DEM";"Eleito";"2.273";"74,97"
"SP";"JUMIRIM";"Prefeito";"BENEDITO TADEU FÁVERO";"45";"PSDB";"Eleito";"879";"54,06"
"SP";"JUNDIAÍ";"Prefeito";"MIGUEL MOUBADDA HADDAD";"45";"PSDB";"Eleito";"98.734";"50,31"
"SP";"JUNQUEIRÓPOLIS";"Prefeito";"OSMAR PINATTO";"45";"PSDB";"Eleito";"8.018";"100,00"
"SP";"JUQUIÁ";"Prefeito";"MOHSEN HOJEIJE";"14";"PTB";"Eleito";"5.368";"79,50"
"SP";"JUQUITIBA";"Prefeito";"MARIA APARECIDA MASCHIO PIRES";"12";"PDT";"Eleito";"11.237";"68,96"
"SP";"LAGOINHA";"Prefeito";"ELCIO JOSE FERREIRA";"25";"DEM";"Eleito";"2.493";"57,79"
"SP";"LARANJAL PAULISTA";"Prefeito";"HEITOR CAMARIN JUNIOR";"13";"PT";"Eleito";"8.845";"59,11"
"SP";"LAVÍNIA";"Prefeito";"RODOLFO MANSAN";"45";"PSDB";"Eleito";"1.661";"50,49"
"SP";"LAVRINHAS";"Prefeito";"JOSÉ LUIZ DA CUNHA";"45";"PSDB";"Eleito";"2.382";"51,73"
"SP";"LEME";"Prefeito";"WAGNER RICARDO ANTUNES FILHO";"25";"DEM";"Eleito";"39.127";"80,08"
"SP";"LENÇÓIS PAULISTA";"Prefeito";"IZABEL CRISTINA CAMPANARI LORENZETTI";"45";"PSDB";"Eleito";"20.443";"60,63"
"SP";"LIMEIRA";"Prefeito";"SILVIO FÉLIX DA SILVA";"12";"PDT";"Eleito";"118.146";"81,56"
"SP";"LINDÓIA";"Prefeito";"JOSE JUSTINO LOPES";"45";"PSDB";"Eleito";"2.145";"52,08"
"SP";"LINS";"Prefeito";"WALDEMAR SÂNDOLI CASADEI";"15";"PMDB";"Eleito";"34.684";"92,58"
"SP";"LORENA";"Prefeito";"PAULO CÉSAR NEME";"14";"PTB";"Eleito";"20.157";"69,24"
"SP";"LOURDES";"Prefeito";"FRANKLIN QUERINO DA SILVA NETO";"25";"DEM";"Eleito";"936";"51,86"
"SP";"LOUVEIRA";"Prefeito";"ELEUTERIO BRUNO MALERBA FILHO";"45";"PSDB";"Eleito";"7.420";"34,07"
"SP";"LUCÉLIA";"Prefeito";"JOÃO PEDRO MORANDI";"13";"PT";"Eleito";"5.888";"53,81"
"SP";"LUCIANÓPOLIS";"Prefeito";"ADEMIR MANTOVANELLI";"13";"PT";"Eleito";"1.269";"79,16"
"SP";"LUÍS ANTÔNIO";"Prefeito";"JOSÉ ALCIDES ROSATTI";"14";"PTB";"Eleito";"3.483";"55,77"
"SP";"LUIZIÂNIA";"Prefeito";"ROGÉLIO CERVIGNE BARRETO";"43";"PV";"Eleito";"1.784";"51,26"
"SP";"LUPÉRCIO";"Prefeito";"ABILIO KEMP";"15";"PMDB";"Eleito";"1.350";"100,00"
"SP";"LUTÉCIA";"Prefeito";"EVALDO BARQUILHA DE OLIVEIRA";"25";"DEM";"Eleito";"1.597";"73,59"
"SP";"MACATUBA";"Prefeito";"COOLIDGE HERCOS JUNIOR";"15";"PMDB";"Eleito";"8.537";"84,73"
"SP";"MACAUBAL";"Prefeito";"SERGIO LUIZ DE MIRA";"15";"PMDB";"Eleito";"3.598";"100,00"
"SP";"MACEDÔNIA";"Prefeito";"JOÃO DO CARMO FREITAS";"14";"PTB";"Eleito";"1.505";"56,41"
"SP";"MAGDA";"Prefeito";"LEONARDO BARBOSA DE MELO";"14";"PTB";"Eleito";"1.335";"52,48"
"SP";"MAIRINQUE";"Prefeito";"DENNYS VENERI";"14";"PTB";"Eleito";"10.942";"40,51"
"SP";"MAIRIPORÃ";"Prefeito";"ANTONIO SHIGUEYUKI AIACYDA";"45";"PSDB";"Eleito";"19.780";"71,50"
"SP";"MANDURI";"Prefeito";"LUIZ ANTONIO CINEL";"14";"PTB";"Eleito";"3.099";"54,61"
"SP";"MARABÁ PAULISTA";"Prefeito";"JOSÉ MONTEIRO DA ROCHA";"45";"PSDB";"Eleito";"1.672";"100,00"
"SP";"MARACAÍ";"Prefeito";"ELIZABETE DE CARVALHO FETTER";"15";"PMDB";"Eleito";"5.150";"60,70"
"SP";"MARAPOAMA";"Prefeito";"ANTONIO LUIZ ZANETI";"45";"PSDB";"Eleito";"1.022";"51,46"
"SP";"MARIÁPOLIS";"Prefeito";"ISMAEL DE FREITAS CALORI";"15";"PMDB";"Eleito";"1.543";"54,87"
"SP";"MARÍLIA";"Prefeito";"MARIO BULGARELI";"12";"PDT";"Eleito";"55.480";"48,90"
"SP";"MARINÓPOLIS";"Prefeito";"VALTER APARECIDO MARQUESINI";"45";"PSDB";"Eleito";"1.451";"100,00"
"SP";"MARTINÓPOLIS";"Prefeito";"WALDEMIR CAETANO DE SOUZA";"45";"PSDB";"Eleito";"7.591";"55,71"
"SP";"MATÃO";"Prefeito";"ADAUTO APARECIDO SCARDOELLI";"13";"PT";"Eleito";"30.733";"65,21"
"SP";"MAUÁ";"Prefeito";"FRANCISCO ESMERALDO FELIPE CARNEIRO";"40";"PSB";"2º turno";"58.761";"27,20"
"SP";"MAUÁ";"Prefeito";"OSWALDO DIAS";"13";"PT";"2º turno";"104.037";"48,16"
"SP";"MENDONÇA";"Prefeito";"ODAIR CORNELIANI MILHOSSI";"15";"PMDB";"Eleito";"1.614";"51,47"
"SP";"MERIDIANO";"Prefeito";"JOSÉ TORRENTE DIOGO DE FARIAS";"14";"PTB";"Eleito";"1.559";"51,22"
"SP";"MESÓPOLIS";"Prefeito";"OTAVIO CIANCI";"14";"PTB";"Eleito";"892";"65,73"
"SP";"MIGUELÓPOLIS";"Prefeito";"VERGILIO BARBOSA FERREIRA";"11";"PP";"Eleito";"6.621";"49,98"
"SP";"MINEIROS DO TIETÊ";"Prefeito";"JOAO SANCHEZ";"23";"PPS";"Eleito";"3.812";"53,23"
"SP";"MIRA ESTRELA";"Prefeito";"MARCIO HAMILTON CASTREQUINI BORGES";"15";"PMDB";"Eleito";"1.761";"100,00"
"SP";"MIRACATU";"Prefeito";"DÉA FÁTIMA VIANA LEITE MOREIRA DA SILVA";"45";"PSDB";"Eleito";"5.839";"49,96"
"SP";"MIRANDÓPOLIS";"Prefeito";"JOSE ANTONIO RODRIGUES";"25";"DEM";"Eleito";"9.131";"63,21"
"SP";"MIRANTE DO PARANAPANEMA";"Prefeito";"EDUARDO QUESADA PIAZZALUNGA";"25";"DEM";"Eleito";"8.004";"80,07"
"SP";"MIRASSOL";"Prefeito";"JOSÉ RICCI JUNIOR";"12";"PDT";"Eleito";"8.932";"31,37"
"SP";"MIRASSOLÂNDIA";"Prefeito";"JOÃO CARLOS FERNANDES";"45";"PSDB";"Eleito";"2.438";"100,00"
"SP";"MOCOCA";"Prefeito";"ANTONIO NAUFEL";"45";"PSDB";"Eleito";"15.258";"40,45"
"SP";"MOGI DAS CRUZES";"Prefeito";"MARCO AURÉLIO BERTAIOLLI";"25";"DEM";"Eleito";"103.439";"53,24"
"SP";"MOGI GUAÇU";"Prefeito";"PAULO EDUARDO DE BARROS";"43";"PV";"Eleito";"29.577";"53,63"
"SP";"MOGI MIRIM";"Prefeito";"CARLOS NELSON BUENO";"45";"PSDB";"Eleito";"32.507";"74,07"
"SP";"MOMBUCA";"Prefeito";"MARCOS ANTONIO POLETTI";"25";"DEM";"Eleito";"1.866";"100,00"
"SP";"MONÇÕES";"Prefeito";"VALTOLINO VALDIR MARIA ALVES";"15";"PMDB";"Eleito";"1.348";"85,37"
"SP";"MONGAGUÁ";"Prefeito";"PAULO WIAZOWSKI FILHO";"25";"DEM";"Eleito";"14.954";"60,99"
"SP";"MONTE ALEGRE DO SUL";"Prefeito";"CARLOS ALBERTO APARECIDO DE AGUIAR";"43";"PV";"Eleito";"2.220";"56,35"
"SP";"MONTE ALTO";"Prefeito";"SÍLVIA APARECIDA MEIRA";"14";"PTB";"Eleito";"11.642";"44,03"
"SP";"MONTE APRAZÍVEL";"Prefeito";"WANDERLEY JOSÉ CASSIANO SANT'ANNA";"14";"PTB";"Eleito";"5.810";"50,89"
"SP";"MONTE AZUL PAULISTA";"Prefeito";"CLAUDIO GILBERTO PATRICIO ARROYO";"15";"PMDB";"Eleito";"8.075";"65,73"
"SP";"MONTE CASTELO";"Prefeito";"ODAIR SILIS";"15";"PMDB";"Eleito";"1.430";"100,00"
"SP";"MONTE MOR";"Prefeito";"RODRIGO MAIA SANTOS";"45";"PSDB";"Eleito";"12.087";"47,47"
"SP";"MONTEIRO LOBATO";"Prefeito";"GABRIEL VARGAS MOREIRA";"45";"PSDB";"Eleito";"1.033";"37,04"
"SP";"MORRO AGUDO";"Prefeito";"GILBERTO CESAR BARBETI";"13";"PT";"Eleito";"9.098";"57,62"
"SP";"MORUNGABA";"Prefeito";"JOSÉ ROBERTO ZEM";"43";"PV";"Eleito";"4.507";"61,87"
"SP";"MOTUCA";"Prefeito";"JOÃO RICARDO FASCINELI";"13";"PT";"Eleito";"2.023";"69,81"
"SP";"MURUTINGA DO SUL";"Prefeito";"GILSON PIMENTEL";"45";"PSDB";"Eleito";"1.509";"50,13"
"SP";"NANTES";"Prefeito";"JORGE LUIZ SOUZA PINTO";"45";"PSDB";"Eleito";"1.134";"57,51"
"SP";"NARANDIBA";"Prefeito";"ENIO MAGRO";"45";"PSDB";"Eleito";"1.556";"50,34"
"SP";"NATIVIDADE DA SERRA";"Prefeito";"JOÃO BATISTA DE CARVALHO";"23";"PPS";"Eleito";"3.444";"63,64"
"SP";"NAZARÉ PAULISTA";"Prefeito";"MARIO ANTONIO PINHEIRO";"45";"PSDB";"Eleito";"4.338";"45,90"
"SP";"NEVES PAULISTA";"Prefeito";"ILSO PAROCHI";"45";"PSDB";"Eleito";"3.167";"52,03"
"SP";"NHANDEARA";"Prefeito";"OZINIO ODILON DA SILVEIRA";"40";"PSB";"Eleito";"3.695";"58,28"
"SP";"NIPOÃ";"Prefeito";"ANTONIO CARLOS RIBEIRO";"14";"PTB";"Eleito";"1.509";"51,10"
"SP";"NOVA ALIANÇA";"Prefeito";"AUGUSTO DONIZETTI FAJAN";"15";"PMDB";"Eleito";"2.294";"58,25"
"SP";"NOVA CAMPINA";"Prefeito";"ELIEL CARDOSO SANTIAGO";"14";"PTB";"Eleito";"2.033";"37,50"
"SP";"NOVA CANAÃ PAULISTA";"Prefeito";"SILVANO CEZAR MOREIRA";"25";"DEM";"Eleito";"812";"51,42"
"SP";"NOVA CASTILHO";"Prefeito";"ROBERTO LOPES";"45";"PSDB";"Eleito";"810";"75,07"
"SP";"NOVA EUROPA";"Prefeito";"WALTER WILLIANS FIGUEIREDO";"13";"PT";"Eleito";"2.174";"35,62"
"SP";"NOVA GRANADA";"Prefeito";"APARECIDO DONIZETE MARTELI";"14";"PTB";"Eleito";"6.101";"51,29"
"SP";"NOVA GUATAPORANGA";"Prefeito";"POLICARPO SANTOS FREIRE";"45";"PSDB";"Eleito";"867";"59,18"
"SP";"NOVA INDEPENDÊNCIA";"Prefeito";"JOSÉ PEDRO TONIELLO";"14";"PTB";"Eleito";"1.291";"61,39"
"SP";"NOVA LUZITÂNIA";"Prefeito";"GERMIRO FERREIRA LIMA";"45";"PSDB";"Eleito";"1.346";"57,15"
"SP";"NOVA ODESSA";"Prefeito";"MANOEL SAMARTIN";"12";"PDT";"Eleito";"14.854";"51,57"
"SP";"NOVAIS";"Prefeito";"SILVIO ARRUDA";"22";"PR";"Eleito";"1.646";"58,74"
"SP";"NOVO HORIZONTE";"Prefeito";"ANTONIO VILA REAL TORRES";"20";"PSC";"Eleito";"13.709";"68,41"
"SP";"NUPORANGA";"Prefeito";"ARISTIDES SILVA GOES";"14";"PTB";"Eleito";"2.926";"61,21"
"SP";"OCAUÇU";"Prefeito";"DORIVAL MARZOLA";"45";"PSDB";"Eleito";"1.396";"51,46"
"SP";"ÓLEO";"Prefeito";"JORDÃO ANTONIO VIDOTTO";"40";"PSB";"Eleito";"1.402";"63,47"
"SP";"OLÍMPIA";"Prefeito";"EUGÊNIO JOSÉ ZULIANI";"25";"DEM";"Eleito";"9.894";"35,51"
"SP";"ONDA VERDE";"Prefeito";"JOÃO CARLOS MACHADO";"22";"PR";"Eleito";"1.554";"55,01"
"SP";"ORIENTE";"Prefeito";"ANTONIO APARECIDO MORIS";"22";"PR";"Eleito";"2.033";"51,55"
"SP";"ORINDIÚVA";"Prefeito";"DARLEI QUEIROZ DE OLIVEIRA";"15";"PMDB";"Eleito";"2.465";"64,63"
"SP";"ORLÂNDIA";"Prefeito";"RODOLFO TARDELLI MEIRELLES";"14";"PTB";"Eleito";"8.338";"36,89"
"SP";"OSASCO";"Prefeito";"EMIDIO PEREIRA DE SOUZA";"13";"PT";"Eleito";"204.356";"52,89"
"SP";"OSCAR BRESSANE";"Prefeito";"MARCOS ANTONIO ELIAS";"45";"PSDB";"Eleito";"1.198";"56,01"
"SP";"OSVALDO CRUZ";"Prefeito";"VALTER LUIZ MARTINS";"45";"PSDB";"Eleito";"12.079";"100,00"
"SP";"OURINHOS";"Prefeito";"TOSHIO MISATO";"45";"PSDB";"Eleito";"38.631";"73,39"
"SP";"OURO VERDE";"Prefeito";"HENRIQUE BIFFE";"25";"DEM";"Eleito";"2.375";"53,67"
"SP";"OUROESTE";"Prefeito";"NELSON PINHEL";"14";"PTB";"Eleito";"3.170";"55,27"
"SP";"PACAEMBU";"Prefeito";"CHIDETO TODA";"14";"PTB";"Eleito";"2.734";"38,84"
"SP";"PALESTINA";"Prefeito";"NICANOR NOGUEIRA BRANCO";"14";"PTB";"Eleito";"2.375";"37,08"
"SP";"PALMARES PAULISTA";"Prefeito";"JOÃO CAMILLO";"40";"PSB";"Eleito";"3.032";"54,48"
"SP";"PALMEIRA D'OESTE";"Prefeito";"JOSE CESAR MONTANARI";"22";"PR";"Eleito";"3.614";"55,92"
"SP";"PALMITAL";"Prefeito";"REINALDO CUSTODIO DA SILVA";"22";"PR";"Eleito";"8.632";"100,00"
"SP";"PANORAMA";"Prefeito";"JOSÉ MILANEZ JÚNIOR";"45";"PSDB";"Eleito";"3.372";"43,15"
"SP";"PARAGUAÇU PAULISTA";"Prefeito";"CARLOS ARRUDA GARMS";"45";"PSDB";"Eleito";"13.577";"58,45"
"SP";"PARAIBUNA";"Prefeito";"ANTÔNIO MARCOS DE BARROS";"25";"DEM";"Eleito";"6.997";"62,43"
"SP";"PARAÍSO";"Prefeito";"GILBERTO GALBEIRO";"11";"PP";"Eleito";"2.522";"100,00"
"SP";"PARANAPANEMA";"Prefeito";"JOHANNES CORNELIS VAN MELIS";"45";"PSDB";"Eleito";"5.623";"52,41"
"SP";"PARANAPUÃ";"Prefeito";"ANTONIO MELHADO NETO";"40";"PSB";"Eleito";"1.619";"67,29"
"SP";"PARAPUÃ";"Prefeito";"ANTONIO ALVES DA SILVA";"45";"PSDB";"Eleito";"4.060";"59,73"
"SP";"PARDINHO";"Prefeito";"JOSÉ FRANCISCO DA ROCHA OLIVEIRA";"22";"PR";"Eleito";"2.210";"56,23"
"SP";"PARIQUERA-AÇU";"Prefeito";"ZILDO WACH";"25";"DEM";"Eleito";"6.021";"57,73"
"SP";"PARISI";"Prefeito";"GINA MARA DOS SANTOS";"25";"DEM";"Eleito";"897";"52,00"
"SP";"PATROCÍNIO PAULISTA";"Prefeito";"JOSE MAURO BARCELLOS";"13";"PT";"Eleito";"4.869";"61,73"
"SP";"PAULICÉIA";"Prefeito";"RONNEY ANTONIO FERREIRA";"45";"PSDB";"Eleito";"3.198";"100,00"
"SP";"PAULÍNIA";"Prefeito";"JOSE PAVAN JUNIOR";"25";"DEM";"Eleito";"17.857";"44,22"
"SP";"PAULISTÂNIA";"Prefeito";"HELIO JOSE FERREIRA DO NASCIMENTO";"45";"PSDB";"Eleito";"663";"50,30"
"SP";"PAULO DE FARIA";"Prefeito";"HERLEY TORRES ROSSI";"12";"PDT";"Eleito";"2.275";"42,60"
"SP";"PEDERNEIRAS";"Prefeito";"IVANA MARIA BERTOLINI CAMARINHA";"43";"PV";"Eleito";"17.898";"81,28"
"SP";"PEDRA BELA";"Prefeito";"JOSE RONALDO LEME";"45";"PSDB";"Eleito";"1.755";"50,33"
"SP";"PEDRANÓPOLIS";"Prefeito";"JOSÉ ROBERTO MARTINS";"45";"PSDB";"Eleito";"1.340";"75,03"
"SP";"PEDREGULHO";"Prefeito";"DIRCEU POLO";"45";"PSDB";"Eleito";"6.231";"59,19"
"SP";"PEDREIRA";"Prefeito";"HAMILTON BERNARDES JUNIOR";"40";"PSB";"Eleito";"14.426";"61,17"
"SP";"PEDRINHAS PAULISTA";"Prefeito";"GERALDO GIANNETTA";"14";"PTB";"Eleito";"1.215";"55,53"
"SP";"PEDRO DE TOLEDO";"Prefeito";"SERGIO YASUSHI MIYASHIRO";"40";"PSB";"Eleito";"3.261";"77,20"
"SP";"PENÁPOLIS";"Prefeito";"JOÃO LUIS DOS SANTOS";"13";"PT";"Eleito";"16.683";"54,34"
"SP";"PEREIRA BARRETO";"Prefeito";"ARNALDO SHIGUEYUKI ENOMOTO";"45";"PSDB";"Eleito";"8.010";"53,98"
"SP";"PEREIRAS";"Prefeito";"ROBERTO LUIZ SILVEIRA";"45";"PSDB";"Eleito";"2.773";"53,72"
"SP";"PERUÍBE";"Prefeito";"MILENA XISTO BARGIERI MIGLIARESI";"40";"PSB";"Eleito";"16.574";"49,31"
"SP";"PIACATU";"Prefeito";"NELSON BONFIM";"14";"PTB";"Eleito";"1.777";"51,14"
"SP";"PIEDADE";"Prefeito";"GEREMIAS RIBEIRO PINTO";"13";"PT";"Eleito";"13.693";"51,09"
"SP";"PILAR DO SUL";"Prefeito";"ANTONIO JOSÉ PEREIRA";"25";"DEM";"Eleito";"4.972";"34,30"
"SP";"PINDAMONHANGABA";"Prefeito";"JOÃO ANTONIO SALGADO RIBEIRO";"23";"PPS";"Eleito";"45.346";"59,27"
"SP";"PINDORAMA";"Prefeito";"MARIA INÊS BERTINO MIYADA";"45";"PSDB";"Eleito";"4.948";"55,71"
"SP";"PINHALZINHO";"Prefeito";"BENEDITO APARECIDO DE LIMA";"45";"PSDB";"Eleito";"3.433";"45,45"
"SP";"PIQUEROBI";"Prefeito";"JOSE ADIVALDO MORENO GIACOMELLI";"45";"PSDB";"Eleito";"1.838";"71,57"
"SP";"PIQUETE";"Prefeito";"OTACILIO RODRIGUES DA SILVA";"15";"PMDB";"Eleito";"5.685";"65,59"
"SP";"PIRACAIA";"Prefeito";"FABIANE CABRAL DA COSTA SANTIAGO";"43";"PV";"Eleito";"7.927";"52,90"
"SP";"PIRACICABA";"Prefeito";"BARJAS NEGRI";"45";"PSDB";"Eleito";"173.108";"88,25"
"SP";"PIRAJU";"Prefeito";"FRANCISCO RODRIGUES";"11";"PP";"Eleito";"8.533";"52,91"
"SP";"PIRAJUÍ";"Prefeito";"JARDEL DE ARAÚJO";"25";"DEM";"Eleito";"7.094";"63,17"
"SP";"PIRANGI";"Prefeito";"BRAS DE SARRO";"45";"PSDB";"Eleito";"3.749";"60,74"
"SP";"PIRAPORA DO BOM JESUS";"Prefeito";"JOSÉ CARLOS ALVES";"13";"PT";"Eleito";"4.677";"58,39"
"SP";"PIRAPOZINHO";"Prefeito";"MARCOS ANTONIO BRAMBILLA";"45";"PSDB";"Eleito";"7.405";"50,20"
"SP";"PIRASSUNUNGA";"Prefeito";"ADEMIR ALVES LINDO";"45";"PSDB";"Eleito";"28.304";"76,41"
"SP";"PIRATININGA";"Prefeito";"ODAIL FALQUEIRO";"14";"PTB";"Eleito";"2.935";"47,33"
"SP";"PITANGUEIRAS";"Prefeito";"JOÃO BATISTA DE ANDRADE";"45";"PSDB";"Eleito";"9.285";"47,69"
"SP";"PLANALTO";"Prefeito";"SILVIO CESAR MOREIRA CHAVES";"45";"PSDB";"Eleito";"1.352";"44,27"
"SP";"PLATINA";"Prefeito";"MANOEL POSSIDÔNIO";"22";"PR";"Eleito";"1.136";"51,82"
"SP";"POÁ";"Prefeito";"FRANCISCO PEREIRA DE SOUSA";"12";"PDT";"Eleito";"20.143";"32,00"
"SP";"POLONI";"Prefeito";"RINALDO ESCANFERLA";"45";"PSDB";"Eleito";"2.015";"53,51"
"SP";"POMPÉIA";"Prefeito";"OSCAR NORIO YASUDA";"11";"PP";"Eleito";"5.050";"43,15"
"SP";"PONGAÍ";"Prefeito";"ADEMIR BORTOLI";"45";"PSDB";"Eleito";"2.295";"100,00"
"SP";"PONTAL";"Prefeito";"ANTONIO FREDERICO VENTURELLI JUNIOR";"25";"DEM";"Eleito";"10.045";"49,34"
"SP";"PONTALINDA";"Prefeito";"GUEDES MARQUES CARDOSO";"15";"PMDB";"Eleito";"1.536";"55,94"
"SP";"PONTES GESTAL";"Prefeito";"CIRO ANTONIO LONGO";"45";"PSDB";"Eleito";"1.087";"58,41"
"SP";"POPULINA";"Prefeito";"SERGIO MARTINS CARRASCO";"15";"PMDB";"Eleito";"1.851";"63,56"
"SP";"PORANGABA";"Prefeito";"LUIZ CARLOS VIEIRA SOBRINHO";"25";"DEM";"Eleito";"2.216";"42,30"
"SP";"PORTO FELIZ";"Prefeito";"CLAUDIO MAFFEI";"13";"PT";"Eleito";"18.262";"69,54"
"SP";"PORTO FERREIRA";"Prefeito";"MAURÍCIO SPONTON RASI";"13";"PT";"Eleito";"17.287";"58,08"
"SP";"POTIM";"Prefeito";"BENITO CARLOS THOMAZ";"33";"PMN";"Eleito";"3.307";"37,20"
"SP";"POTIRENDABA";"Prefeito";"GISLAINE MONTANARI";"15";"PMDB";"Eleito";"4.962";"49,50"
"SP";"PRACINHA";"Prefeito";"WALDOMIRO ALVES FILHO";"12";"PDT";"Eleito";"658";"54,79"
"SP";"PRADÓPOLIS";"Prefeito";"ANTONIO CARLOS CAMPOS ROSSI";"25";"DEM";"Eleito";"6.005";"70,18"
"SP";"PRAIA GRANDE";"Prefeito";"ROBERTO FRANCISCO DOS SANTOS";"45";"PSDB";"Eleito";"57.029";"50,13"
"SP";"PRATÂNIA";"Prefeito";"MARCOS ROBERTO FERNANDES CORREA";"43";"PV";"Eleito";"1.738";"56,56"
"SP";"PRESIDENTE ALVES";"Prefeito";"SANDRA REGINA SCLAUZER DE ANDRADE";"13";"PT";"Eleito";"1.800";"64,61"
"SP";"PRESIDENTE BERNARDES";"Prefeito";"WILSON ANTONIO DE BARROS";"45";"PSDB";"Eleito";"3.075";"35,23"
"SP";"PRESIDENTE EPITÁCIO";"Prefeito";"JOSÉ ANTONIO FURLAN";"22";"PR";"Eleito";"14.247";"66,58"
"SP";"PRESIDENTE PRUDENTE";"Prefeito";"MILTON CARLOS DE MELLO";"14";"PTB";"Eleito";"52.691";"46,64"
"SP";"PRESIDENTE VENCESLAU";"Prefeito";"ERNANE CUSTODIO ERBELLA";"15";"PMDB";"Eleito";"14.325";"66,45"
"SP";"PROMISSÃO";"Prefeito";"GERALDO CHAVES BARBOSA";"43";"PV";"Eleito";"10.341";"52,51"
"SP";"QUADRA";"Prefeito";"CARLOS VIEIRA DE ANDRADE";"25";"DEM";"Eleito";"1.135";"43,86"
"SP";"QUATÁ";"Prefeito";"MARCELO DE SOUZA PECCHIO";"12";"PDT";"Eleito";"7.014";"100,00"
"SP";"QUEIROZ";"Prefeito";"WALTER RODRIGO DA SILVA";"13";"PT";"Eleito";"742";"34,77"
"SP";"QUELUZ";"Prefeito";"JOSÉ CELSO BUENO";"45";"PSDB";"Eleito";"3.454";"57,61"
"SP";"QUINTANA";"Prefeito";"FERNANDO BRANCO NUNES";"20";"PSC";"Eleito";"2.096";"54,24"
"SP";"RAFARD";"Prefeito";"MARCIO MINAMIOKA";"23";"PPS";"Eleito";"3.167";"54,41"
"SP";"RANCHARIA";"Prefeito";"ALBERTO CESAR CENTEIO DE ARAUJO";"45";"PSDB";"Eleito";"11.008";"62,83"
"SP";"REDENÇÃO DA SERRA";"Prefeito";"JOÃO CARLOS FONSECA";"12";"PDT";"Eleito";"2.240";"66,59"
"SP";"REGENTE FEIJÓ";"Prefeito";"ARLINDO EDUARDO FANTINI";"14";"PTB";"Eleito";"7.407";"64,64"
"SP";"REGINÓPOLIS";"Prefeito";"MARCO ANTONIO MARTINS BASTOS";"45";"PSDB";"Eleito";"1.548";"42,86"
"SP";"REGISTRO";"Prefeito";"SANDRA KENNEDY VIANA";"13";"PT";"Eleito";"15.610";"52,99"
"SP";"RESTINGA";"Prefeito";"CLARINDO FERRACIOLI";"20";"PSC";"Eleito";"2.655";"55,17"
"SP";"RIBEIRA";"Prefeito";"GIDIONI DE OLIVEIRA MACEDO";"13";"PT";"Eleito";"1.182";"53,27"
"SP";"RIBEIRÃO BONITO";"Prefeito";"PAULO ANTONIO GOBATO VEIGA";"23";"PPS";"Eleito";"3.754";"59,84"
"SP";"RIBEIRÃO BRANCO";"Prefeito";"SANDRO ROGERIO SALA";"13";"PT";"Eleito";"5.848";"56,05"
"SP";"RIBEIRÃO CORRENTE";"Prefeito";"LUIZ DA CUNHA SOBRINHO";"13";"PT";"Eleito";"1.720";"56,36"
"SP";"RIBEIRÃO DO SUL";"Prefeito";"JOSE CARLOS DE OLIVEIRA MARTINS";"40";"PSB";"Eleito";"1.982";"63,67"
"SP";"RIBEIRÃO DOS ÍNDIOS";"Prefeito";"JOSÉ AMAURI LENZONI";"25";"DEM";"Eleito";"1.486";"100,00"
"SP";"RIBEIRÃO GRANDE";"Prefeito";"ELIANA DOS SANTOS SILVA";"45";"PSDB";"Eleito";"2.771";"86,78"
"SP";"RIBEIRÃO PIRES";"Prefeito";"CLOVIS VOLPI";"43";"PV";"Eleito";"44.034";"73,20"
"SP";"RIBEIRÃO PRETO";"Prefeito";"DÁRCY DA SILVA VERA";"25";"DEM";"Eleito";"154.793";"52,04"
"SP";"RIFAINA";"Prefeito";"HUGO CESAR LOURENÇO";"15";"PMDB";"Eleito";"2.312";"67,86"
"SP";"RINCÃO";"Prefeito";"THEREZINHA IGNEZ SERVIDONI";"45";"PSDB";"Eleito";"3.571";"61,86"
"SP";"RINÓPOLIS";"Prefeito";"VALENTIM TREVISAN";"45";"PSDB";"Eleito";"3.540";"58,24"
"SP";"RIO CLARO";"Prefeito";"PALMINIO ALTIMARI FILHO";"15";"PMDB";"Eleito";"53.395";"53,98"
"SP";"RIO DAS PEDRAS";"Prefeito";"MARCOS BUZETTO";"40";"PSB";"Eleito";"11.231";"63,01"
"SP";"RIO GRANDE DA SERRA";"Prefeito";"ADLER ALFREDO JARDIM TEIXEIRA";"45";"PSDB";"Eleito";"19.611";"80,99"
"SP";"RIOLÂNDIA";"Prefeito";"SAVIO NOGUEIRA FRANCO NETO";"40";"PSB";"Eleito";"3.791";"68,48"
"SP";"RIVERSUL";"Prefeito";"MARCELINO JOSE BIGLIA";"31";"PHS";"Eleito";"2.069";"71,97"
"SP";"ROSANA";"Prefeito";"APARECIDA BATISTA DIAS DE OLIVEIRA";"33";"PMN";"Eleito";"3.683";"30,44"
"SP";"ROSEIRA";"Prefeito";"MARCOS DE OLIVEIRA GALVAO";"45";"PSDB";"Eleito";"3.289";"54,87"
"SP";"RUBIÁCEA";"Prefeito";"WILSON DE NOVAIS";"45";"PSDB";"Eleito";"1.415";"70,89"
"SP";"RUBINÉIA";"Prefeito";"APARECIDO GOULART";"45";"PSDB";"Eleito";"1.416";"80,09"
"SP";"SABINO";"Prefeito";"GILMAR JOSÉ SIVIERO";"45";"PSDB";"Eleito";"2.169";"56,13"
"SP";"SAGRES";"Prefeito";"GILMAR RODRIGUES DA SILVA JUNIOR";"45";"PSDB";"Eleito";"949";"57,17"
"SP";"SALES";"Prefeito";"GENIVALDO DE BRITO CHAVES";"25";"DEM";"Eleito";"1.996";"55,51"
"SP";"SALES OLIVEIRA";"Prefeito";"JOÃO JEREMIAS GARCIA NETO";"45";"PSDB";"Eleito";"3.493";"54,71"
"SP";"SALESÓPOLIS";"Prefeito";"ANTONIO ADILSON DE MORAES";"45";"PSDB";"Eleito";"4.124";"38,45"
"SP";"SALMOURÃO";"Prefeito";"JOSE LUIZ ROCHA PERES";"45";"PSDB";"Eleito";"1.764";"52,69"
"SP";"SALTINHO";"Prefeito";"CLAUDEMIR FRANCISCO TORINA";"12";"PDT";"Eleito";"2.468";"54,60"
"SP";"SALTO";"Prefeito";"JOSE GERALDO GARCIA";"12";"PDT";"Eleito";"45.441";"80,19"
"SP";"SALTO DE PIRAPORA";"Prefeito";"JOEL DAVID HADDAD";"12";"PDT";"Eleito";"10.026";"49,45"
"SP";"SALTO GRANDE";"Prefeito";"GERALDO APARECIDO BITTENCOURT MORAIS";"15";"PMDB";"Eleito";"2.350";"43,79"
"SP";"SANDOVALINA";"Prefeito";"MARCOS ROBERTO SANFELICI";"45";"PSDB";"Eleito";"1.398";"52,52"
"SP";"SANTA ADÉLIA";"Prefeito";"MARCELO HERCOLIN";"25";"DEM";"Eleito";"5.288";"58,35"
"SP";"SANTA ALBERTINA";"Prefeito";"ANTONIO PAVARINI DE MATOS";"15";"PMDB";"Eleito";"2.205";"58,64"
"SP";"SANTA BÁRBARA D'OESTE";"Prefeito";"MARIO CELSO HEINS";"12";"PDT";"Eleito";"51.225";"52,71"
"SP";"SANTA BRANCA";"Prefeito";"ODAIR LEAL DA ROCHA JUNIOR";"15";"PMDB";"Eleito";"5.121";"60,18"
"SP";"SANTA CLARA D'OESTE";"Prefeito";"GABRIEL DOS SANTOS FERNANDES MOLINA";"22";"PR";"Eleito";"1.499";"84,83"
"SP";"SANTA CRUZ DA CONCEIÇÃO";"Prefeito";"OSVALDO MARCHIORI";"45";"PSDB";"Eleito";"1.410";"50,83"
"SP";"SANTA CRUZ DA ESPERANÇA";"Prefeito";"DAERCIO LOPES DA SILVA";"23";"PPS";"Eleito";"802";"53,08"
"SP";"SANTA CRUZ DAS PALMEIRAS";"Prefeito";"AGOSTINHO DEPERON";"45";"PSDB";"Eleito";"11.906";"75,02"
"SP";"SANTA CRUZ DO RIO PARDO";"Prefeito";"MAURA SOARES ROMUALDO MACIEIRINHA";"45";"PSDB";"Eleito";"11.152";"45,30"
"SP";"SANTA ERNESTINA";"Prefeito";"JOSÉ CARLOS SIMÃO";"14";"PTB";"Eleito";"2.420";"57,98"
"SP";"SANTA FÉ DO SUL";"Prefeito";"ANTONIO CARLOS FAVALEÇA";"45";"PSDB";"Eleito";"9.703";"54,81"
"SP";"SANTA GERTRUDES";"Prefeito";"JOÃO CARLOS VITTE";"25";"DEM";"Eleito";"4.843";"37,50"
"SP";"SANTA ISABEL";"Prefeito";"HELIO BUSCARIOLI";"45";"PSDB";"Eleito";"15.147";"54,43"
"SP";"SANTA LÚCIA";"Prefeito";"ANTONIO CARLOS ABUABUD JUNIOR";"45";"PSDB";"Eleito";"2.504";"40,76"
"SP";"SANTA MARIA DA SERRA";"Prefeito";"JOSIAS ZANI NETO";"25";"DEM";"Eleito";"1.639";"53,61"
"SP";"SANTA MERCEDES";"Prefeito";"RODRIGO EDUARDO THEODORO";"45";"PSDB";"Eleito";"1.357";"70,09"
"SP";"SANTA RITA DO PASSA QUATRO";"Prefeito";"AGENOR MAURO ZORZI";"15";"PMDB";"Eleito";"8.553";"59,09"
"SP";"SANTA RITA D'OESTE";"Prefeito";"WALTER MARTINS MULLER";"45";"PSDB";"Eleito";"981";"50,93"
"SP";"SANTA ROSA DE VITERBO";"Prefeito";"JOSÉ TADEU CHIAPERINI";"12";"PDT";"Eleito";"5.266";"36,91"
"SP";"SANTA SALETE";"Prefeito";"OSVALDENIR RIZZATO";"25";"DEM";"Eleito";"698";"57,69"
"SP";"SANTANA DA PONTE PENSA";"Prefeito";"SEBASTIÃO CHIARETI ORTEGA";"45";"PSDB";"Eleito";"881";"67,30"
"SP";"SANTANA DE PARNAÍBA";"Prefeito";"SILVIO ROBERTO CAVALCANTI PECCIOLI";"25";"DEM";"Eleito";"27.171";"59,41"
"SP";"SANTO ANASTÁCIO";"Prefeito";"ROBERTO VOLPE";"15";"PMDB";"Eleito";"6.623";"53,46"
"SP";"SANTO ANDRÉ";"Prefeito";"AIDAN ANTONIO RAVIN";"14";"PTB";"2º turno";"81.163";"21,76"
"SP";"SANTO ANDRÉ";"Prefeito";"VANDERLEI SIRAQUE";"13";"PT";"2º turno";"182.387";"48,90"
"SP";"SANTO ANTÔNIO DA ALEGRIA";"Prefeito";"RICARDO DA SILVA SOBRINHO";"43";"PV";"Eleito";"2.274";"51,12"
"SP";"SANTO ANTÔNIO DE POSSE";"Prefeito";"NORBERTO DE OLIVÉRIO JÚNIOR";"23";"PPS";"Eleito";"6.715";"58,11"
"SP";"SANTO ANTÔNIO DO ARACANGUÁ";"Prefeito";"LUIZ CARLOS DOS REIS NONATO";"13";"PT";"Eleito";"2.389";"52,03"
"SP";"SANTO ANTÔNIO DO JARDIM";"Prefeito";"LUIZ CLAUDIO TRINCHA";"25";"DEM";"Eleito";"2.504";"100,00"
"SP";"SANTO ANTÔNIO DO PINHAL";"Prefeito";"JOSE AUGUSTO DE GUARNIERI PEREIRA";"13";"PT";"Eleito";"3.595";"79,06"
"SP";"SANTO EXPEDITO";"Prefeito";"CARLOS ALBERTO FLORENTINO DE OLIVEIRA";"45";"PSDB";"Eleito";"1.166";"56,46"
"SP";"SANTÓPOLIS DO AGUAPEÍ";"Prefeito";"HAROLDO ALVES PIO";"11";"PP";"Eleito";"2.292";"87,05"
"SP";"SANTOS";"Prefeito";"JOÃO PAULO TAVARES PAPA";"15";"PMDB";"Eleito";"190.705";"77,22"
"SP";"SÃO BENTO DO SAPUCAÍ";"Prefeito";"ILDEFONSO MENDES NETO";"45";"PSDB";"Eleito";"3.522";"56,10"
"SP";"SÃO BERNARDO DO CAMPO";"Prefeito";"LUIZ MARINHO";"13";"PT";"2º turno";"194.966";"48,27"
"SP";"SÃO BERNARDO DO CAMPO";"Prefeito";"ORLANDO MORANDO JUNIOR";"45";"PSDB";"2º turno";"151.653";"37,55"
"SP";"SÃO CAETANO DO SUL";"Prefeito";"JOSÉ AURICCHIO JUNIOR";"14";"PTB";"Eleito";"62.325";"78,14"
"SP";"SÃO CARLOS";"Prefeito";"OSWALDO BAPTISTA DUARTE FILHO";"13";"PT";"Eleito";"43.888";"35,41"
"SP";"SÃO FRANCISCO";"Prefeito";"SEBASTIAO DE OLIVEIRA BAPTISTA";"25";"DEM";"Eleito";"1.024";"49,07"
"SP";"SÃO JOÃO DA BOA VISTA";"Prefeito";"NELSON MANCINI NICOLAU";"15";"PMDB";"Eleito";"31.829";"68,43"
"SP";"SÃO JOÃO DAS DUAS PONTES";"Prefeito";"NILZA BOZELI CEZARE";"10";"PRB";"Eleito";"1.124";"57,73"
"SP";"SÃO JOÃO DE IRACEMA";"Prefeito";"VALDIR CANDIDO RIBEIRO";"15";"PMDB";"Eleito";"744";"54,51"
"SP";"SÃO JOÃO DO PAU D'ALHO";"Prefeito";"JOSÉ DINAEL PERLI";"45";"PSDB";"Eleito";"1.331";"100,00"
"SP";"SÃO JOAQUIM DA BARRA";"Prefeito";"MARIA HELENA BORGES VANNUCHI";"13";"PT";"Eleito";"16.645";"61,25"
"SP";"SÃO JOSÉ DA BELA VISTA";"Prefeito";"JOSE BENEDITO DE FATIMA BARCELOS";"45";"PSDB";"Eleito";"2.509";"44,21"
"SP";"SÃO JOSÉ DO BARREIRO";"Prefeito";"ARTHUR BARBOSA PINTO";"22";"PR";"Eleito";"1.578";"53,91"
"SP";"SÃO JOSÉ DO RIO PARDO";"Prefeito";"JOAO LUIS SOARES DA CUNHA";"15";"PMDB";"Eleito";"16.531";"54,51"
"SP";"SÃO JOSÉ DO RIO PRETO";"Prefeito";"JOAO PAULO RILLO";"13";"PT";"2º turno";"61.943";"28,91"
"SP";"SÃO JOSÉ DO RIO PRETO";"Prefeito";"VALDOMIRO LOPES DA SILVA JUNIOR";"40";"PSB";"2º turno";"85.752";"40,02"
"SP";"SÃO JOSÉ DOS CAMPOS";"Prefeito";"EDUARDO PEDROSA CURY";"45";"PSDB";"Eleito";"187.930";"56,27"
"SP";"SÃO LOURENÇO DA SERRA";"Prefeito";"LENER DO NASCIMENTO RIBEIRO";"25";"DEM";"Eleito";"2.273";"29,00"
"SP";"SÃO LUÍS DO PARAITINGA";"Prefeito";"ANA LUCIA BILARD SICHERLE";"45";"PSDB";"Eleito";"2.844";"36,87"
"SP";"SÃO MANUEL";"Prefeito";"THARCILIO BARONI JUNIOR";"40";"PSB";"Eleito";"10.816";"48,71"
"SP";"SÃO MIGUEL ARCANJO";"Prefeito";"ANTONIO CELSO MOSSIN";"45";"PSDB";"Eleito";"7.001";"39,67"
"SP";"SÃO PAULO";"Prefeito";"GILBERTO KASSAB";"25";"DEM";"2º turno";"2.140.423";"33,61"
"SP";"SÃO PAULO";"Prefeito";"MARTA TERESA SUPLICY";"13";"PT";"2º turno";"2.088.329";"32,79"
"SP";"SÃO PEDRO";"Prefeito";"EDUARDO ESPERANZA MODESTO";"45";"PSDB";"Eleito";"11.542";"68,43"
"SP";"SÃO PEDRO DO TURVO";"Prefeito";"ROBERTO CARLOS DI BASTIANI";"13";"PT";"Eleito";"2.620";"59,67"
"SP";"SÃO ROQUE";"Prefeito";"EFANEU NOLASCO GODINHO";"45";"PSDB";"Eleito";"21.950";"76,66"
"SP";"SÃO SEBASTIÃO";"Prefeito";"ERNANE BILOTTE PRIMAZZI";"20";"PSC";"Eleito";"21.114";"54,43"
"SP";"SÃO SEBASTIÃO DA GRAMA";"Prefeito";"EMILIO BIZON NETO";"23";"PPS";"Eleito";"5.092";"76,25"
"SP";"SÃO SIMÃO";"Prefeito";"MARCELO APARECIDO DOS SANTOS";"45";"PSDB";"Eleito";"5.956";"69,22"
"SP";"SÃO VICENTE";"Prefeito";"TERCIO AUGUSTO GARCIA JUNIOR";"40";"PSB";"Eleito";"119.981";"72,27"
"SP";"SARAPUÍ";"Prefeito";"CESAR DINAMARCO CORSI";"45";"PSDB";"Eleito";"2.155";"39,56"
"SP";"SARUTAIÁ";"Prefeito";"ISNAR FRESCHI SOARES";"45";"PSDB";"Eleito";"1.615";"59,70"
"SP";"SEBASTIANÓPOLIS DO SUL";"Prefeito";"JOSE ANTONIO ABREU DO VALLE";"25";"DEM";"Eleito";"1.408";"58,76"
"SP";"SERRA AZUL";"Prefeito";"MARCELO AFONSO DE QUEIROZ";"13";"PT";"Eleito";"2.903";"56,60"
"SP";"SERRA NEGRA";"Prefeito";"ANTONIO LUIGI ITALO FRANCHI";"25";"DEM";"Eleito";"8.164";"52,06"
"SP";"SERRANA";"Prefeito";"NELSON CAVALHEIRO GARAVAZZO";"13";"PT";"Eleito";"7.874";"35,72"
"SP";"SERTÃOZINHO";"Prefeito";"NERIO GARCIA DA COSTA";"23";"PPS";"Eleito";"32.241";"56,75"
"SP";"SETE BARRAS";"Prefeito";"NILCE AYAKO MIASHITA";"22";"PR";"Eleito";"3.590";"46,56"
"SP";"SEVERÍNIA";"Prefeito";"RAPHAEL CAZARINE FILHO";"15";"PMDB";"Eleito";"4.108";"43,32"
"SP";"SILVEIRAS";"Prefeito";"MARIA ROZANA DE LACERDA PEDROSO TOGEIRO";"14";"PTB";"Eleito";"2.452";"59,07"
"SP";"SOCORRO";"Prefeito";"MARISA DE SOUZA PINTO FONTANA";"45";"PSDB";"Eleito";"12.080";"57,64"
"SP";"SOROCABA";"Prefeito";"VITOR LIPPI";"45";"PSDB";"Eleito";"242.271";"79,35"
"SP";"SUD MENNUCCI";"Prefeito";"CELSO TORQUATO JUNQUEIRA FRANCO";"45";"PSDB";"Eleito";"3.131";"60,49"
"SP";"SUMARÉ";"Prefeito";"JOSÉ ANTONIO BACCHIM";"13";"PT";"Eleito";"47.757";"41,08"
"SP";"SUZANÁPOLIS";"Prefeito";"ANTONIO ALCINO VIDOTTI";"45";"PSDB";"Eleito";"1.464";"66,36"
"SP";"SUZANO";"Prefeito";"MARCELO DE SOUZA CANDIDO";"13";"PT";"Eleito";"72.234";"51,97"
"SP";"TABAPUÃ";"Prefeito";"MARIA FELICIDADE PERES CAMPOS ARROYO";"15";"PMDB";"Eleito";"4.019";"55,21"
"SP";"TABATINGA";"Prefeito";"JOSÉ LUIZ QUARTEIRO";"40";"PSB";"Eleito";"5.478";"61,25"
"SP";"TABOÃO DA SERRA";"Prefeito";"EVILASIO CAVALCANTE DE FARIAS";"40";"PSB";"Eleito";"69.067";"51,83"
"SP";"TACIBA";"Prefeito";"MARCELO DE SOUZA SILVA";"45";"PSDB";"Eleito";"2.114";"50,63"
"SP";"TAGUAÍ";"Prefeito";"JAIR CARIOVALDO CARNIATO";"14";"PTB";"Eleito";"4.486";"78,06"
"SP";"TAIAÇU";"Prefeito";"ANTÔNIO RODRIGUES CALDEIRA";"14";"PTB";"Eleito";"1.980";"53,95"
"SP";"TAIÚVA";"Prefeito";"LEANDRO JOSÉ JESUS BAPTISTA";"11";"PP";"Eleito";"2.177";"56,77"
"SP";"TAMBAÚ";"Prefeito";"ANTONIO AGASSI";"25";"DEM";"Eleito";"7.965";"62,02"
"SP";"TANABI";"Prefeito";"JOSE FRANCISCO DE MATTOS NETO";"25";"DEM";"Eleito";"9.588";"61,83"
"SP";"TAPIRAÍ";"Prefeito";"ALVINO GUILHERME MARZEUSKI";"45";"PSDB";"Eleito";"3.232";"68,75"
"SP";"TAPIRATIBA";"Prefeito";"JOÃO CARLOS DE OLIVEIRA";"45";"PSDB";"Eleito";"5.355";"69,08"
"SP";"TAQUARAL";"Prefeito";"PETRONILIO JOSÉ VILELA";"15";"PMDB";"Eleito";"984";"53,30"
"SP";"TAQUARITINGA";"Prefeito";"JOSE PAULO DELGADO JUNIOR";"25";"DEM";"Eleito";"21.622";"71,52"
"SP";"TAQUARITUBA";"Prefeito";"MIDERSON ZANELLO MILLEO";"45";"PSDB";"Eleito";"7.560";"53,62"
"SP";"TAQUARIVAÍ";"Prefeito";"MARIA SEBASTIANA CARDOSO PRIOSTE";"45";"PSDB";"Eleito";"2.723";"78,05"
"SP";"TARABAI";"Prefeito";"ELIAS NATALINO PEREIRA";"45";"PSDB";"Eleito";"1.965";"100,00"
"SP";"TARUMÃ";"Prefeito";"JAIRO DA COSTA E SILVA";"45";"PSDB";"Eleito";"4.968";"63,79"
"SP";"TATUÍ";"Prefeito";"LUIZ GONZAGA VIEIRA DE CAMARGO";"45";"PSDB";"Eleito";"37.010";"67,59"
"SP";"TAUBATÉ";"Prefeito";"ROBERTO PEREIRA PEIXOTO";"15";"PMDB";"Eleito";"50.710";"33,51"
"SP";"TEJUPÁ";"Prefeito";"VALTER BORANELLI";"45";"PSDB";"Eleito";"2.030";"59,01"
"SP";"TEODORO SAMPAIO";"Prefeito";"JOSÉ ADEMIR INFANTE GUTIERREZ";"25";"DEM";"Eleito";"6.721";"55,48"
"SP";"TERRA ROXA";"Prefeito";"MARCELINO ABBES FILHO";"15";"PMDB";"Eleito";"2.837";"52,40"
"SP";"TIETÊ";"Prefeito";"JOSE CARLOS MELARE";"14";"PTB";"Eleito";"10.896";"56,45"
"SP";"TIMBURI";"Prefeito";"PAULO CÉSAR MINOZZI";"14";"PTB";"Eleito";"1.604";"79,96"
"SP";"TORRE DE PEDRA";"Prefeito";"NILTON PINTO DA SILVEIRA";"22";"PR";"Eleito";"1.598";"80,10"
"SP";"TORRINHA";"Prefeito";"THIAGO RODRIGO ROCHITI";"17";"PSL";"Eleito";"2.082";"36,64"
"SP";"TRABIJU";"Prefeito";"MAURILIO TAVONI JUNIOR";"15";"PMDB";"Eleito";"849";"68,36"
"SP";"TREMEMBÉ";"Prefeito";"JOSÉ ANTONIO DE BARROS NETO";"43";"PV";"Eleito";"9.541";"54,15"
"SP";"TRÊS FRONTEIRAS";"Prefeito";"FLAVIO LUIZ RENDA DE OLIVEIRA";"12";"PDT";"Eleito";"1.381";"38,28"
"SP";"TUIUTI";"Prefeito";"ALMIR BENEDITO ANTONIO DE LIMA";"14";"PTB";"Eleito";"1.758";"50,17"
"SP";"TUPÃ";"Prefeito";"WALDEMIR GONÇALVES LOPES";"45";"PSDB";"Eleito";"18.347";"50,10"
"SP";"TUPI PAULISTA";"Prefeito";"JOÃO CARLOS FERACINI";"45";"PSDB";"Eleito";"4.660";"54,35"
"SP";"TURIÚBA";"Prefeito";"SILVANA MARIA DOS SANTOS MUNHOZ";"15";"PMDB";"Eleito";"761";"52,19"
"SP";"TURMALINA";"Prefeito";"ISRAEL COSTA";"15";"PMDB";"Eleito";"892";"53,10"
"SP";"UBARANA";"Prefeito";"PAULO CESAR CHRISTAL";"15";"PMDB";"Eleito";"1.256";"38,26"
"SP";"UBATUBA";"Prefeito";"EDUARDO DE SOUZA CESAR";"25";"DEM";"Eleito";"19.182";"44,72"
"SP";"UBIRAJARA";"Prefeito";"JOSE ALTAIR GONÇALVES";"25";"DEM";"Eleito";"1.661";"59,47"
"SP";"UCHOA";"Prefeito";"JOSE CLAUDIO MARTINS";"15";"PMDB";"Eleito";"2.842";"45,28"
"SP";"UNIÃO PAULISTA";"Prefeito";"MARLI PADOVEZI TEIXEIRA";"23";"PPS";"Eleito";"788";"50,13"
"SP";"URÂNIA";"Prefeito";"FRANCISCO AIRTON SARACUZA";"11";"PP";"Eleito";"3.458";"64,19"
"SP";"URU";"Prefeito";"JOAO LUIZ VERONEZI";"45";"PSDB";"Eleito";"784";"65,83"
"SP";"URUPÊS";"Prefeito";"JAIME DE MATOS";"14";"PTB";"Eleito";"4.499";"55,26"
"SP";"VALENTIM GENTIL";"Prefeito";"ADILSON JESUS PEREZ SEGURA";"45";"PSDB";"Eleito";"3.209";"50,04"
"SP";"VALINHOS";"Prefeito";"MARCOS JOSÉ DA SILVA";"15";"PMDB";"Eleito";"37.403";"71,76"
"SP";"VALPARAÍSO";"Prefeito";"MARCOS YUKIO HIGUCHI";"45";"PSDB";"Eleito";"6.625";"54,80"
"SP";"VARGEM";"Prefeito";"BENEDITA AUXILIADORA PAES DA ROSA";"14";"PTB";"Eleito";"2.499";"49,04"
"SP";"VARGEM GRANDE DO SUL";"Prefeito";"AMARILDO DUZI MORAES";"45";"PSDB";"Eleito";"8.936";"40,16"
"SP";"VARGEM GRANDE PAULISTA";"Prefeito";"ROBERTO ROCHA";"40";"PSB";"Eleito";"14.877";"61,98"
"SP";"VÁRZEA PAULISTA";"Prefeito";"EDUARDO TADEU PEREIRA";"13";"PT";"Eleito";"36.225";"64,40"
"SP";"VERA CRUZ";"Prefeito";"RENATA ZOMPERO DIAS DEVITO";"45";"PSDB";"Eleito";"3.147";"47,62"
"SP";"VINHEDO";"Prefeito";"MILTON ALVARO SERAFIM";"14";"PTB";"Eleito";"16.525";"44,86"
"SP";"VIRADOURO";"Prefeito";"PAULO CAMILO GUISELINI";"45";"PSDB";"Eleito";"5.942";"52,12"
"SP";"VISTA ALEGRE DO ALTO";"Prefeito";"ANTONIO APPARECIDO FIORANI";"11";"PP";"Eleito";"2.200";"56,15"
"SP";"VITÓRIA BRASIL";"Prefeito";"ELISEU ALVES DA COSTA";"14";"PTB";"Eleito";"933";"100,00"
"SP";"VOTORANTIM";"Prefeito";"CARLOS AUGUSTO PIVETTA";"13";"PT";"Eleito";"26.183";"43,73"
"SP";"VOTUPORANGA";"Prefeito";"NASSER MARÃO FILHO";"45";"PSDB";"Eleito";"35.080";"75,25"
"SP";"ZACARIAS";"Prefeito";"LOURENÇO ZACARIAS";"13";"PT";"Eleito";"1.086";"60,91"
